index,name,fandom,year_joined,latest_year,total_years,gender,race,orientation
5 Seconds of Summer - Luke Hemmings,Luke Hemmings,5 Seconds of Summer,2016,2016,1,M,White,str8
5 Seconds of Summer - Michael Clifford,Michael Clifford,5 Seconds of Summer,2016,2016,1,M,White,str8
9-1-1 - Carlos Reyes,Carlos Reyes,9-1-1,2021,2023,3,M,Latin,bi
9-1-1 - Eddie Diaz,Eddie Diaz,9-1-1,2020,2024,5,M,Latin,str8
9-1-1 - Evan 'Buck' Buckley,Evan 'Buck' Buckley,9-1-1,2020,2024,5,M,White,bi
9-1-1 - TK Strand,TK Strand,9-1-1,2021,2023,3,M,White,gay
9-1-1 - Thomas 'Tommy' Kinard,Thomas 'Tommy' Kinard,9-1-1,2024,2024,1,M,White,gay
A Song of Ice and Fire / Game of Thrones Universe - Aemond 'One-Eye' Targaryen,Aemond 'One-Eye' Targaryen,A Song of Ice and Fire / Game of Thrones Universe,2023,2024,2,M,White,unspecified
A Song of Ice and Fire / Game of Thrones Universe - Alicent Hightower,Alicent Hightower,A Song of Ice and Fire / Game of Thrones Universe,2023,2024,2,F,White,str8
A Song of Ice and Fire / Game of Thrones Universe - Arya Stark,Arya Stark,A Song of Ice and Fire / Game of Thrones Universe,2019,2019,1,F,White,str8
A Song of Ice and Fire / Game of Thrones Universe - Brienne of Tarth,Brienne of Tarth,A Song of Ice and Fire / Game of Thrones Universe,2019,2021,3,F,White,str8
A Song of Ice and Fire / Game of Thrones Universe - Daemon Targaryen,Daemon Targaryen,A Song of Ice and Fire / Game of Thrones Universe,2023,2024,2,M,White,str8
A Song of Ice and Fire / Game of Thrones Universe - Daenerys Targaryen | Khaleesi,Daenerys Targaryen | Khaleesi,A Song of Ice and Fire / Game of Thrones Universe,2019,2019,1,F,White,str8
A Song of Ice and Fire / Game of Thrones Universe - Gendry Waters,Gendry Waters,A Song of Ice and Fire / Game of Thrones Universe,2019,2019,1,M,White,str8
A Song of Ice and Fire / Game of Thrones Universe - Jaime Lannister,Jaime Lannister,A Song of Ice and Fire / Game of Thrones Universe,2019,2021,3,M,White,str8
A Song of Ice and Fire / Game of Thrones Universe - Jon Snow,Jon Snow,A Song of Ice and Fire / Game of Thrones Universe,2017,2020,3,M,White,str8
A Song of Ice and Fire / Game of Thrones Universe - Lucerys 'Luke' Velaryon,Lucerys 'Luke' Velaryon,A Song of Ice and Fire / Game of Thrones Universe,2023,2024,2,M,White,unspecified
A Song of Ice and Fire / Game of Thrones Universe - Margaery Tyrell,Margaery Tyrell,A Song of Ice and Fire / Game of Thrones Universe,2014,2024,10,F,White,str8
A Song of Ice and Fire / Game of Thrones Universe - Rhaenyra Targaryen,Rhaenyra Targaryen,A Song of Ice and Fire / Game of Thrones Universe,2023,2024,2,F,White,bi
A Song of Ice and Fire / Game of Thrones Universe - Sansa Stark,Sansa Stark,A Song of Ice and Fire / Game of Thrones Universe,2014,2024,10,F,White,str8
ATEEZ - Choi San | San,Choi San | San,ATEEZ,2024,2024,1,M,E Asian,unspecified
ATEEZ - Jung Wooyoung | Wooyoung,Jung Wooyoung | Wooyoung,ATEEZ,2024,2024,1,M,E Asian,unspecified
ATEEZ - Kim Hongjoong | Hongjoong,Kim Hongjoong | Hongjoong,ATEEZ,2024,2024,1,M,E Asian,unspecified
ATEEZ - Park Seonghwa | Seonghwa,Park Seonghwa | Seonghwa,ATEEZ,2024,2024,1,M,E Asian,unspecified
Ace Attourney | 逆転裁判 - Mitsurugi Reiji / Miles Edgeworth,Mitsurugi Reiji / Miles Edgeworth,Ace Attourney | 逆転裁判,2024,2024,1,M,E Asian,unspecified
Ace Attourney | 逆転裁判 - Naruhodou Ryuuichi / Phoenix Wright,Naruhodou Ryuuichi / Phoenix Wright,Ace Attourney | 逆転裁判,2024,2024,1,M,E Asian,str8
Adam Lambert - Adam Lambert,Adam Lambert,Adam Lambert,2013,2015,3,M,White,gay
Adam Lambert - Kris Allen,Kris Allen,Adam Lambert,2013,2014,2,M,White,str8
Adam Lambert - Tommy Ratliff,Tommy Ratliff,Adam Lambert,2013,2015,3,M,White,unspecified
Addam's Family Universe - Enid Sinclair,Enid Sinclair,Addam's Family Universe,2023,2024,2,F,White,str8
Addam's Family Universe - Wednesday Addams,Wednesday Addams,Addam's Family Universe,2023,2024,2,F,Latin,str8
Adventure Time - Marceline,Marceline,Adventure Time,2014,2024,10,F,N.H.,bi
Adventure Time - Princess Bubblegum,Princess Bubblegum,Adventure Time,2014,2024,10,F,N.H.,bi
Aespa / æspa - Kim Minjeong | Winter,Kim Minjeong | Winter,Aespa / æspa,2024,2024,1,F,E Asian,unspecified
Aespa / æspa - Yu Jimin | Karina,Yu Jimin | Karina,Aespa / æspa,2024,2024,1,F,E Asian,str8
Alien Stage - Ivan,Ivan,Alien Stage,2024,2024,1,M,Ambig,gay
Alien Stage - Till,Till,Alien Stage,2024,2024,1,M,Ambig,str8
All For The Game - Andrew Minyard,Andrew Minyard,All For The Game,2020,2024,4,M,White,gay
All For The Game - Neil Josten,Neil Josten,All For The Game,2020,2024,4,M,White,gay
American Horror Story - Cordelia Foxx/Goode | The Supreme,Cordelia Foxx/Goode | The Supreme,American Horror Story,2019,2021,3,F,White,str8
American Horror Story - Misty Day,Misty Day,American Horror Story,2019,2021,3,F,White,unspecified
Amphibia - Anne Boonchuy,Anne Boonchuy,Amphibia,2022,2024,3,F,SE Asian,unspecified
Amphibia - Marcy Wu,Marcy Wu,Amphibia,2022,2024,3,F,E Asian,unspecified
Amphibia - Sasha Waybright,Sasha Waybright,Amphibia,2022,2024,3,F,White,unspecified
Arcane - Caitlyn,Caitlyn,Arcane,2022,2024,3,F,Asian (Multi),gay
Arcane - Jayce,Jayce,Arcane,2022,2022,1,M,Ambig,str8
Arcane - Vi,Vi,Arcane,2022,2024,3,F,White,gay
Arcane - Viktor,Viktor,Arcane,2022,2022,1,M,White,unspecified
Archie Comics Universe - Betty Cooper,Betty Cooper,Archie Comics Universe,2017,2021,4,F,White,str8
Archie Comics Universe - Cheryl Blossom,Cheryl Blossom,Archie Comics Universe,2019,2024,6,F,White,gay
Archie Comics Universe - Jughead Jones,Jughead Jones,Archie Comics Universe,2017,2019,2,M,White,str8
Archie Comics Universe - Mary Wardwell | Madam Satan / Lilith,Mary Wardwell | Madam Satan / Lilith,Archie Comics Universe,2021,2021,1,F,White,str8
Archie Comics Universe - Toni Topaz,Toni Topaz,Archie Comics Universe,2019,2024,6,F,Black (Multi),gay
Archie Comics Universe - Veronica Lodge,Veronica Lodge,Archie Comics Universe,2017,2021,4,F,Latin,str8
Archie Comics Universe - Zelda Spellman,Zelda Spellman,Archie Comics Universe,2021,2021,1,F,White,str8
Attack on Titan | 進撃の巨人 - Annie Leonhart,Annie Leonhart,Attack on Titan | 進撃の巨人,2014,2024,10,F,White,str8
Attack on Titan | 進撃の巨人 - Eren Yeager,Eren Yeager,Attack on Titan | 進撃の巨人,2014,2024,10,M,White,unspecified
Attack on Titan | 進撃の巨人 - Erwin Smith,Erwin Smith,Attack on Titan | 進撃の巨人,2014,2024,8,M,White,unspecified
Attack on Titan | 進撃の巨人 - Historia Reiss | Krista Lenz,Historia Reiss | Krista Lenz,Attack on Titan | 進撃の巨人,2014,2024,10,F,White,unspecified
Attack on Titan | 進撃の巨人 - Jean Kirstein,Jean Kirstein,Attack on Titan | 進撃の巨人,2014,2019,5,M,White,str8
Attack on Titan | 進撃の巨人 - Levi Ackerman,Levi Ackerman,Attack on Titan | 進撃の巨人,2014,2024,10,M,White,unspecified
Attack on Titan | 進撃の巨人 - Marco Bott,Marco Bott,Attack on Titan | 進撃の巨人,2014,2019,5,M,White,unspecified
Attack on Titan | 進撃の巨人 - Mikasa Ackerman,Mikasa Ackerman,Attack on Titan | 進撃の巨人,2014,2024,10,F,E Asian (Multi),unspecified
Attack on Titan | 進撃の巨人 - Ymir of the 104th,Ymir of the 104th,Attack on Titan | 進撃の巨人,2014,2024,10,F,White,gay
Avatar: The last Airbender Universe - Asami Sato,Asami Sato,Avatar: The last Airbender Universe,2014,2024,10,F,E Asian,bi
Avatar: The last Airbender Universe - Azula,Azula,Avatar: The last Airbender Universe,2021,2024,4,F,E Asian,str8
Avatar: The last Airbender Universe - Katara,Katara,Avatar: The last Airbender Universe,2021,2021,1,F,As Ind,str8
Avatar: The last Airbender Universe - Korra,Korra,Avatar: The last Airbender Universe,2014,2024,10,F,As Ind,bi
Avatar: The last Airbender Universe - Kya II,Kya II,Avatar: The last Airbender Universe,2021,2024,4,F,As Ind / S Asian (Multi),gay
Avatar: The last Airbender Universe - Lin Beifong,Lin Beifong,Avatar: The last Airbender Universe,2021,2024,4,F,E Asian,str8
Avatar: The last Airbender Universe - Sokka,Sokka,Avatar: The last Airbender Universe,2020,2021,2,M,As Ind,str8
Avatar: The last Airbender Universe - Ty Lee,Ty Lee,Avatar: The last Airbender Universe,2021,2024,4,F,E Asian,str8
Avatar: The last Airbender Universe - Zuko,Zuko,Avatar: The last Airbender Universe,2020,2021,2,M,E Asian,str8
BLUELOCK | ブルーロック - Mikage Reo,Mikage Reo,BLUELOCK | ブルーロック,2023,2024,2,M,E Asian,unspecified
BLUELOCK | ブルーロック - Nagi Seishirou,Nagi Seishirou,BLUELOCK | ブルーロック,2023,2024,2,M,E Asian,unspecified
Baldur's Gate - Astarion Ancunín,Astarion Ancunín,Baldur's Gate,2024,2024,1,M,White,bi
Baldur's Gate - Enver Gortash,Enver Gortash,Baldur's Gate,2024,2024,1,M,White,unspecified
Baldur's Gate - Gale Dekarios,Gale Dekarios,Baldur's Gate,2024,2024,1,M,White,bi
Baldur's Gate - Tav | Player Character,Tav | Player Character,Baldur's Gate,2024,2024,1,Ambig,Ambig,bi
Baldur's Gate - The Dark Urge | Player Character,The Dark Urge | Player Character,Baldur's Gate,2024,2024,1,Ambig,Ambig,bi
Baldur's Gate - Y/N | Reader,Y/N | Reader,Baldur's Gate,2024,2024,1,Ambig,Ambig,unspecified
Bangtan Boys / BTS - Jeon Jungkook | Jungkook,Jeon Jungkook | Jungkook,Bangtan Boys / BTS,2016,2024,8,M,E Asian,unspecified
Bangtan Boys / BTS - Jung Hoseok | J-Hope,Jung Hoseok | J-Hope,Bangtan Boys / BTS,2016,2024,8,M,E Asian,unspecified
Bangtan Boys / BTS - Kim Namjoon | Rap Monster/RM,Kim Namjoon | Rap Monster/RM,Bangtan Boys / BTS,2016,2024,8,M,E Asian,unspecified
Bangtan Boys / BTS - Kim Seokjin | Jin,Kim Seokjin | Jin,Bangtan Boys / BTS,2016,2024,8,M,E Asian,unspecified
Bangtan Boys / BTS - Kim Taehyung | V,Kim Taehyung | V,Bangtan Boys / BTS,2016,2024,8,M,E Asian,unspecified
Bangtan Boys / BTS - Min Yoongi | Suga,Min Yoongi | Suga,Bangtan Boys / BTS,2016,2024,8,M,E Asian,unspecified
Bangtan Boys / BTS - Park Jimin | Jimin,Park Jimin | Jimin,Bangtan Boys / BTS,2016,2024,8,M,E Asian,unspecified
Be More Chill - Jeremy Heere,Jeremy Heere,Be More Chill,2017,2019,2,M,White,str8
Be More Chill - Michael Mell,Michael Mell,Be More Chill,2017,2019,2,M,Ambig,unspecified
Bridgerton - Anthony Bridgerton,Anthony Bridgerton,Bridgerton,2022,2022,1,M,White,str8
Bridgerton - Colin Bridgerton,Colin Bridgerton,Bridgerton,2024,2024,1,F,White,str8
"Bridgerton - Kate Bridgerton, née Sheffield/Sharma","Kate Bridgerton, née Sheffield/Sharma",Bridgerton,2022,2022,1,F,Ambig,str8
"Bridgerton - Penelope Bridgerton, née Featherington","Penelope Bridgerton, née Featherington",Bridgerton,2024,2024,1,M,White,str8
Buffy Universe - Buffy Summers,Buffy Summers,Buffy Universe,2013,2024,11,F,White,bi
Buffy Universe - Faith Lehane,Faith Lehane,Buffy Universe,2014,2024,10,F,White,str8
Buffy Universe - Spike,Spike,Buffy Universe,2013,2016,4,M,White,str8
Buffy Universe - Tara Maclay,Tara Maclay,Buffy Universe,2014,2024,10,F,White,gay
Buffy Universe - Willow Rosenberg,Willow Rosenberg,Buffy Universe,2014,2024,10,F,White,gay
Buffy Universe - Xander Harris,Xander Harris,Buffy Universe,2013,2014,2,M,White,str8
Bungou Stray Dogs | 文豪ストレイドッグス - Akutagawa Ryuunosuke,Akutagawa Ryuunosuke,Bungou Stray Dogs | 文豪ストレイドッグス,2023,2024,2,M,E Asian,unspecified
Bungou Stray Dogs | 文豪ストレイドッグス - Dazai Osamu,Dazai Osamu,Bungou Stray Dogs | 文豪ストレイドッグス,2017,2024,7,M,E Asian,str8
Bungou Stray Dogs | 文豪ストレイドッグス - Fyodor Dostoyevsky,Fyodor Dostoyevsky,Bungou Stray Dogs | 文豪ストレイドッグス,2024,2024,1,M,White,unspecified
Bungou Stray Dogs | 文豪ストレイドッグス - Nakahara Chuuya,Nakahara Chuuya,Bungou Stray Dogs | 文豪ストレイドッグス,2017,2024,7,M,E Asian,unspecified
Bungou Stray Dogs | 文豪ストレイドッグス - Nakajima Atsushi,Nakajima Atsushi,Bungou Stray Dogs | 文豪ストレイドッグス,2023,2024,2,M,E Asian,unspecified
Bungou Stray Dogs | 文豪ストレイドッグス - Nikolai Gogol,Nikolai Gogol,Bungou Stray Dogs | 文豪ストレイドッグス,2024,2024,1,M,White,unspecified
Call of Duty - John 'Soap' MacTavish,John 'Soap' MacTavish,Call of Duty,2023,2024,2,M,White,unspecified
Call of Duty - Simon 'Ghost' Riley,Simon 'Ghost' Riley,Call of Duty,2023,2024,2,M,White,unspecified
Call of Duty - Y/N | Reader,Y/N | Reader,Call of Duty,2023,2024,2,Ambig,Ambig,unspecified
Carmilla - Carmilla Karnstein,Carmilla Karnstein,Carmilla,2015,2024,9,F,White,gay
Carmilla - Danny Lawrence,Danny Lawrence,Carmilla,2015,2017,3,F,White,gay
Carmilla - Laura Hollis,Laura Hollis,Carmilla,2015,2024,9,F,White,gay
Carol - Carol Aird,Carol Aird,Carol,2017,2024,7,F,White,gay
Carol - Therese Belivet,Therese Belivet,Carol,2017,2024,7,F,White,gay
Carry On - Simon Snow,Simon Snow,Carry On,2020,2020,1,M,White,bi
Carry On - Tyrannus Basilton 'Baz' Grimm-Pitch,Tyrannus Basilton 'Baz' Grimm-Pitch,Carry On,2020,2020,1,M,MENA (Multi),gay
Check Please! - Eric Bittle,Eric Bittle,Check Please!,2016,2017,2,M,White,gay
Check Please! - Jack Zimmermann,Jack Zimmermann,Check Please!,2016,2017,2,M,White,gay
Criminal Minds - Emily Prentiss,Emily Prentiss,Criminal Minds,2014,2024,10,F,White,str8
Criminal Minds - Jennifer 'JJ' Jareau,Jennifer 'JJ' Jareau,Criminal Minds,2014,2024,10,F,White,str8
Critical Role - Beauregard Lionett,Beauregard Lionett,Critical Role,2019,2024,6,F,Ambig,gay
Critical Role - Imogen Temult,Imogen Temult,Critical Role,2024,2024,1,F,White,gay
Critical Role - Jester Lavorre,Jester Lavorre,Critical Role,2020,2021,2,F,N.H.,str8
Critical Role - Laudna,Laudna,Critical Role,2024,2024,1,F,N.H.,gay
Critical Role - Yasha Nydoorin,Yasha Nydoorin,Critical Role,2019,2024,6,F,White,gay
DC - Alexander Joseph 'Lex' Luthor,Alexander Joseph 'Lex' Luthor,DC,2013,2019,6,M,White,str8
DC - Alexandra 'Alex' Danvers | Supergirl/Sentinel,Alexandra 'Alex' Danvers | Supergirl/Sentinel,DC,2016,2024,8,F,White,gay
DC - Astra In-Ze,Astra In-Ze,DC,2016,2024,8,F,White,str8
DC - Ava Sharpe | Roundhouse,Ava Sharpe | Roundhouse,DC,2019,2024,6,F,White,gay
DC - Barry Allen | The Flash,Barry Allen | The Flash,DC,2016,2017,2,M,White,str8
DC - Bruce Wayne | Batman,Bruce Wayne | Batman,DC,2013,2024,2,M,White,str8
DC - Cat Grant,Cat Grant,DC,2016,2024,8,F,White,str8
DC - Clark Kent | Superman,Clark Kent | Superman,DC,2013,2019,6,M,White,str8
DC - Connor 'Kon-El' Kent | Superboy,Connor 'Kon-El' Kent | Superboy,DC,2013,2013,1,M,White,str8
DC - Edward Nygma | The Riddler,Edward Nygma | The Riddler,DC,2017,2017,1,M,White,str8
DC - Felicity Smoak,Felicity Smoak,DC,2014,2023,9,F,White,str8
DC - Harleen Quinzel | Harley Quinn,Harleen Quinzel | Harley Quinn,DC,2015,2024,9,F,White,bi
DC - Jason Peter Todd | Robin/Red Hood,Jason Peter Todd | Robin/Red Hood,DC,2023,2024,2,M,White,str8
DC - Kara Danvers/Zor-El | Supergirl,Kara Danvers/Zor-El | Supergirl,DC,2016,2024,8,F,White,str8
DC - Kelly Olsen | Guardian,Kelly Olsen | Guardian,DC,2021,2024,4,F,Black,gay
DC - Lena Luthor | Ultrawoman,Lena Luthor | Ultrawoman,DC,2017,2024,7,F,White,str8
DC - Leonard Snart | Captain Cold,Leonard Snart | Captain Cold,DC,2016,2017,2,M,White (Multi),str8
DC - Maggie Sawyer,Maggie Sawyer,DC,2017,2024,7,F,Ambig,gay
DC - Nicholas 'Dick' Grayson | Robin/Nightwing,Nicholas 'Dick' Grayson | Robin/Nightwing,DC,2024,2024,1,M,Romani,str8
DC - Nyssa Raatko/al Ghul,Nyssa Raatko/al Ghul,DC,2015,2022,7,F,MENA,gay
DC - Oliver Queen | Green Arrow,Oliver Queen | Green Arrow,DC,2014,2023,9,M,White,str8
DC - Oswald Cobblepot | The Penguin,Oswald Cobblepot | The Penguin,DC,2017,2017,1,M,White,gay
DC - Pamela Isley | Poison Ivy,Pamela Isley | Poison Ivy,DC,2015,2024,9,F,Ambig,bi
DC - Samantha 'Sam' Arias | Reign,Samantha 'Sam' Arias | Reign,DC,2019,2021,3,F,Latin,unspecified
DC - Sara Lance | White Canary,Sara Lance | White Canary,DC,2015,2024,9,F,White,bi
DC - Tim Drake | Robin/Red Robin,Tim Drake | Robin/Red Robin,DC,2013,2024,3,M,White,bi
Danganronpa - Hinata Hajime,Hinata Hajime,Danganronpa,2021,2021,1,M,E Asian,str8
Danganronpa - Komaeda Nagito,Komaeda Nagito,Danganronpa,2021,2021,1,M,E Asian,gay
Danganronpa - Oma Kokichi,Oma Kokichi,Danganronpa,2021,2021,1,M,E Asian,bi
Danganronpa - Saihara Shuichi,Saihara Shuichi,Danganronpa,2021,2021,1,M,E Asian,bi
Descendants - Evie,Evie,Descendants,2019,2021,3,F,Latin,str8
Descendants - Mal,Mal,Descendants,2019,2021,3,F,White,str8
Detroit: Become Human - Connor (RK800),Connor (RK800),Detroit: Become Human,2019,2019,1,M,White,unspecified
Detroit: Become Human - Connor (RK900),Connor (RK900),Detroit: Become Human,2019,2020,2,M,White,unspecified
Detroit: Become Human - Gavin Reed,Gavin Reed,Detroit: Become Human,2019,2020,2,M,White,unspecified
Detroit: Become Human - Hank Anderson,Hank Anderson,Detroit: Become Human,2019,2019,1,M,White,unspecified
Doctor Who Universe - Amy Pond,Amy Pond,Doctor Who Universe,2013,2014,2,F,White,str8
Doctor Who Universe - Clara Oswin Oswald,Clara Oswin Oswald,Doctor Who Universe,2016,2016,1,F,White,str8
Doctor Who Universe - Ianto Jones,Ianto Jones,Doctor Who Universe,2013,2024,11,M,White,bi
Doctor Who Universe - Jack Harkness,Jack Harkness,Doctor Who Universe,2013,2024,11,M,White,bi
Doctor Who Universe - Jenny Flint,Jenny Flint,Doctor Who Universe,2014,2017,4,F,White,gay
Doctor Who Universe - Madame Vastra,Madame Vastra,Doctor Who Universe,2014,2017,4,F,N.H.,gay
Doctor Who Universe - River Song,River Song,Doctor Who Universe,2013,2016,4,F,White,bi
Doctor Who Universe - Rory Williams,Rory Williams,Doctor Who Universe,2013,2014,2,M,White,str8
Doctor Who Universe - Rose Tyler,Rose Tyler,Doctor Who Universe,2013,2023,10,F,White,str8
Doctor Who Universe - The Doctor,The Doctor,Doctor Who Universe,2013,2013,1,Ambig,Ambig,woman_attracted
Doctor Who Universe - The Eleventh Doctor,The Eleventh Doctor,Doctor Who Universe,2013,2016,4,M,White,str8
Doctor Who Universe - The Tenth Doctor,The Tenth Doctor,Doctor Who Universe,2013,2023,10,M,White,str8
Doctor Who Universe - The Thirteenth Doctor,The Thirteenth Doctor,Doctor Who Universe,2019,2024,6,F,White,gay
Doctor Who Universe - The Twelfth Doctor,The Twelfth Doctor,Doctor Who Universe,2016,2016,1,M,White,str8
Doctor Who Universe - Yasmin Khan,Yasmin Khan,Doctor Who Universe,2019,2024,6,F,S Asian,gay
Drag - Brooke Lynn Hytes,Brooke Lynn Hytes,Drag,2021,2021,1,M | F | Other,White,gay
Drag - Katya Zamolodchikova,Katya Zamolodchikova,Drag,2019,2021,3,M | F | Other,White,gay
Drag - Trixie Mattel,Trixie Mattel,Drag,2019,2021,3,M | F | Other,Am Ind,gay
Drag - Vanessa Vanjie Mateo,Vanessa Vanjie Mateo,Drag,2021,2021,1,M | F | Other,Latin,gay
Dragon Age - Alistair,Alistair,Dragon Age,2016,2016,1,M,White,str8
Dragon Age - Cullen Rutherford,Cullen Rutherford,Dragon Age,2015,2021,6,M,White,str8
Dragon Age - Dorian Pavus,Dorian Pavus,Dragon Age,2016,2016,1,M,Asian (Multi),gay
Dragon Age - Fenris,Fenris,Dragon Age,2016,2016,1,M,White,bi
Dragon Age - Hawke (Female) | Player Character,Hawke (Female) | Player Character,Dragon Age,2014,2020,6,F,Ambig,bi
Dragon Age - Hawke | Player Character,Hawke | Player Character,Dragon Age,2016,2016,1,Ambig,Ambig,bi
Dragon Age - Inquisitor (Female) | Player Character,Inquisitor (Female) | Player Character,Dragon Age,2015,2020,5,F,Ambig,bi
Dragon Age - Inquisitor | Player Character,Inquisitor | Player Character,Dragon Age,2015,2021,6,Ambig,Ambig,bi
Dragon Age - Iron Bull,Iron Bull,Dragon Age,2016,2016,1,M,N.H.,bi
Dragon Age - Isabela,Isabela,Dragon Age,2014,2020,6,F,Ambig,bi
Dragon Age - Josephine Montilyet,Josephine Montilyet,Dragon Age,2015,2020,4,F,Ambig,bi
Dragon Age - Leliana,Leliana,Dragon Age,2015,2021,6,F,White,bi
Dragon Age - Sera,Sera,Dragon Age,2016,2019,3,F,White,gay
Dragon Age - Solas,Solas,Dragon Age,2016,2019,3,M,White,str8
Dragon Age - Warden (Female) | Player Character,Warden (Female) | Player Character,Dragon Age,2015,2021,6,F,Ambig,bi
Dragon Age - Warden | Player Character,Warden | Player Character,Dragon Age,2016,2016,1,Ambig,Ambig,bi
Due South - Benton Fraser,Benton Fraser,Due South,2013,2017,5,M,White,str8
Due South - Ray Kowalski,Ray Kowalski,Due South,2013,2017,5,M,White,str8
Due South - Ray Vecchio,Ray Vecchio,Due South,2017,2017,1,M,White,str8
EXO - Byun Baekhyun | Baekhyun,Byun Baekhyun | Baekhyun,EXO,2017,2022,5,M,E Asian,unspecified
EXO - Do Kyungsoo | D.O,Do Kyungsoo | D.O,EXO,2019,2019,1,M,E Asian,unspecified
EXO - Kim Jongin | Kai,Kim Jongin | Kai,EXO,2019,2019,1,M,E Asian,unspecified
EXO - Park Chanyeol | Chanyeol,Park Chanyeol | Chanyeol,EXO,2017,2022,5,M,E Asian,unspecified
Emmerdale - Aaron Dingle,Aaron Dingle,Emmerdale,2016,2019,3,M,White,gay
Emmerdale - Charity Dingle,Charity Dingle,Emmerdale,2019,2020,2,F,White,bi
Emmerdale - Robert Sugden,Robert Sugden,Emmerdale,2016,2019,3,M,White,bi
Emmerdale - Vanessa Woodfield,Vanessa Woodfield,Emmerdale,2019,2020,2,F,White,bi
Faking It - Amy Raudenfeld,Amy Raudenfeld,Faking It,2015,2016,2,F,White,bi
Faking It - Karma Ashcroft,Karma Ashcroft,Faking It,2015,2016,2,F,White,bi
Fall Out Boy - Patrick Stump,Patrick Stump,Fall Out Boy,2013,2019,6,M,White,str8
Fall Out Boy - Pete Wentz,Pete Wentz,Fall Out Boy,2013,2019,6,M,Black (Multi),str8
Faraway Wanderers / Word of Honor | 天涯客 / 山河令 - Wen Kexing,Wen Kexing,Faraway Wanderers / Word of Honor | 天涯客 / 山河令,2021,2022,2,M,E Asian,gay
Faraway Wanderers / Word of Honor | 天涯客 / 山河令 - Zhou Zishu,Zhou Zishu,Faraway Wanderers / Word of Honor | 天涯客 / 山河令,2021,2022,2,M,E Asian,gay
Fifth Harmony - Camila Cabello,Camila Cabello,Fifth Harmony,2015,2019,4,F,Latin,str8
Fifth Harmony - Lauren Jauregui,Lauren Jauregui,Fifth Harmony,2015,2019,4,F,Latin,bi
Figure Skating - Hanyu Yuzuru,Hanyu Yuzuru,Figure Skating,2022,2022,1,M,Asian,unspecified
Figure Skating - Jin Boyang,Jin Boyang,Figure Skating,2022,2022,1,M,Asian,unspecified
Final Fantasy | ファイナルファンタジー - Lightning,Lightning,Final Fantasy | ファイナルファンタジー,2015,2015,1,F,White,unspecified
Final Fantasy | ファイナルファンタジー - Noctis Lucis Caelum,Noctis Lucis Caelum,Final Fantasy | ファイナルファンタジー,2017,2019,2,M,E Asian,str8
Final Fantasy | ファイナルファンタジー - Oerba-Yun Fang,Oerba-Yun Fang,Final Fantasy | ファイナルファンタジー,2015,2015,1,F,E Asian,unspecified
Final Fantasy | ファイナルファンタジー - Prompto Argentum,Prompto Argentum,Final Fantasy | ファイナルファンタジー,2017,2019,2,M,White,str8
Fire Emblem | ファイアーエムブレム - Byleth Eisner | Player Character,Byleth Eisner | Player Character,Fire Emblem | ファイアーエムブレム,2020,2020,1,Ambig,MENA,bi
Fire Emblem | ファイアーエムブレム - Dimitri Alexandre Blaiddyd,Dimitri Alexandre Blaiddyd,Fire Emblem | ファイアーエムブレム,2020,2020,1,M,White,str8
Fire Emblem | ファイアーエムブレム - Edelgard von Hresvelg,Edelgard von Hresvelg,Fire Emblem | ファイアーエムブレム,2020,2020,1,F,White,bi
Fire Emblem | ファイアーエムブレム - Felix Hugo Fraldarius,Felix Hugo Fraldarius,Fire Emblem | ファイアーエムブレム,2020,2020,1,M,White,str8
Fire Emblem | ファイアーエムブレム - Sylvain Jose Gautier,Sylvain Jose Gautier,Fire Emblem | ファイアーエムブレム,2020,2020,1,M,White,str8
Formula 1 - Charles Leclerc,Charles Leclerc,Formula 1,2024,2024,1,M,Latin,str8
Formula 1 - Max Verstappen,Max Verstappen,Formula 1,2024,2024,1,M,White,str8
Free! - Matsuoka Rin,Matsuoka Rin,Free!,2015,2015,1,M,E Asian,unspecified
Free! - Nanase Haruka,Nanase Haruka,Free!,2015,2017,3,M,E Asian,unspecified
Free! - Tachibana Makoto,Tachibana Makoto,Free!,2015,2017,3,M,E Asian,unspecified
Frozen - Anna,Anna,Frozen,2014,2024,10,F,Eu Ind (Multi),str8
Frozen - Elsa,Elsa,Frozen,2014,2024,10,F,Eu Ind (Multi),unspecified
Genshin Impact | 原神 - Alatus | Xiao,Alatus | Xiao,Genshin Impact | 原神,2022,2022,1,M,E Asian,unspecified
Genshin Impact | 原神 - Albedo,Albedo,Genshin Impact | 原神,2022,2022,1,M,White,unspecified
Genshin Impact | 原神 - Alhaitham,Alhaitham,Genshin Impact | 原神,2023,2024,2,M,MENA,unspecified
Genshin Impact | 原神 - Beidou,Beidou,Genshin Impact | 原神,2022,2024,3,F,E Asian,unspecified
Genshin Impact | 原神 - Cyno,Cyno,Genshin Impact | 原神,2023,2023,1,M,MENA,unspecified
Genshin Impact | 原神 - Diluc,Diluc,Genshin Impact | 原神,2021,2023,3,M,White,unspecified
Genshin Impact | 原神 - Furina de Fontaine,Furina de Fontaine,Genshin Impact | 原神,2024,2024,1,F,White,unspecified
Genshin Impact | 原神 - Ganyu,Ganyu,Genshin Impact | 原神,2022,2024,3,F,E Asian,unspecified
Genshin Impact | 原神 - Jean,Jean,Genshin Impact | 原神,2022,2024,3,F,White,unspecified
Genshin Impact | 原神 - Kaedehara Kazuha,Kaedehara Kazuha,Genshin Impact | 原神,2023,2023,1,M,E Asian,unspecified
Genshin Impact | 原神 - Kaeya,Kaeya,Genshin Impact | 原神,2021,2023,3,M,Ambig,unspecified
Genshin Impact | 原神 - Kamisato Ayato,Kamisato Ayato,Genshin Impact | 原神,2022,2022,1,M,E Asian,unspecified
Genshin Impact | 原神 - Kaveh,Kaveh,Genshin Impact | 原神,2023,2024,2,M,MENA,unspecified
Genshin Impact | 原神 - Keqing,Keqing,Genshin Impact | 原神,2022,2024,3,F,E Asian,unspecified
Genshin Impact | 原神 - Lisa,Lisa,Genshin Impact | 原神,2022,2024,3,F,White,unspecified
Genshin Impact | 原神 - Neuvillette,Neuvillette,Genshin Impact | 原神,2024,2024,1,M,White,unspecified
Genshin Impact | 原神 - Ningguang,Ningguang,Genshin Impact | 原神,2022,2024,3,F,E Asian,unspecified
Genshin Impact | 原神 - Raiden Ei | Beelzebul,Raiden Ei | Beelzebul,Genshin Impact | 原神,2022,2024,3,F,E Asian,unspecified
Genshin Impact | 原神 - Scaramouche | The Balladeer,Scaramouche | The Balladeer,Genshin Impact | 原神,2023,2023,1,M,E Asian,unspecified
Genshin Impact | 原神 - Tartaglia | Childe,Tartaglia | Childe,Genshin Impact | 原神,2021,2024,4,M,White,unspecified
Genshin Impact | 原神 - Thoma,Thoma,Genshin Impact | 原神,2022,2022,1,M,E Asian (Multi),unspecified
Genshin Impact | 原神 - Tighnari,Tighnari,Genshin Impact | 原神,2023,2023,1,M,MENA,unspecified
Genshin Impact | 原神 - Traveler | Player Character,Traveler | Player Character,Genshin Impact | 原神,2022,2022,1,Ambig,White,unspecified
Genshin Impact | 原神 - Venti,Venti,Genshin Impact | 原神,2022,2022,1,M,Ambig,unspecified
Genshin Impact | 原神 - Wriothesley,Wriothesley,Genshin Impact | 原神,2024,2024,1,M,Ambig,unspecified
Genshin Impact | 原神 - Yae Miko | Guuji,Yae Miko | Guuji,Genshin Impact | 原神,2022,2024,3,F,E Asian,unspecified
Genshin Impact | 原神 - Zhongli,Zhongli,Genshin Impact | 原神,2021,2024,4,M,E Asian,unspecified
Ghostbusters - Erin Gilbert,Erin Gilbert,Ghostbusters,2017,2023,6,F,White,str8
Ghostbusters - Jillian Holtzmann,Jillian Holtzmann,Ghostbusters,2017,2023,6,F,White,gay
Girl Meets World - Maya Hart,Maya Hart,Girl Meets World,2016,2020,4,F,White,str8
Girl Meets World - Riley Matthews,Riley Matthews,Girl Meets World,2016,2020,4,F,White,str8
Glee - Blaine Anderson,Blaine Anderson,Glee,2013,2024,11,M,SE Asian (Multi),gay
Glee - Brittany S. Pierce,Brittany S. Pierce,Glee,2013,2024,11,F,White,bi
Glee - Kurt Hummel,Kurt Hummel,Glee,2013,2024,11,M,White,gay
Glee - Noah Puckerman,Noah Puckerman,Glee,2013,2013,1,M,White,str8
Glee - Quinn Fabray,Quinn Fabray,Glee,2013,2024,11,F,White,bi
Glee - Rachel Berry,Rachel Berry,Glee,2013,2024,11,F,White,str8
Glee - Santana Lopez,Santana Lopez,Glee,2013,2024,11,F,Af Lat,gay
Good Omens - Anthony J. Crowley,Anthony J. Crowley,Good Omens,2019,2024,6,M | Other,White,gay
Good Omens - Aziraphale,Aziraphale,Good Omens,2019,2024,6,M,White,gay
Grandmaster of Demonic Cultivation / The Untamed | 魔道祖师 / 陈情令 - Jiang Cheng | Jiang Wanyin,Jiang Cheng | Jiang Wanyin,Grandmaster of Demonic Cultivation / The Untamed | 魔道祖师 / 陈情令,2020,2020,1,M,E Asian,unspecified
Grandmaster of Demonic Cultivation / The Untamed | 魔道祖师 / 陈情令 - Lan Huan | Lan Xichen,Lan Huan | Lan Xichen,Grandmaster of Demonic Cultivation / The Untamed | 魔道祖师 / 陈情令,2020,2020,1,M,E Asian,unspecified
Grandmaster of Demonic Cultivation / The Untamed | 魔道祖师 / 陈情令 - Lan Zhan | Lan Wangji,Lan Zhan | Lan Wangji,Grandmaster of Demonic Cultivation / The Untamed | 魔道祖师 / 陈情令,2019,2024,6,M,E Asian,gay
Grandmaster of Demonic Cultivation / The Untamed | 魔道祖师 / 陈情令 - Wang Yi Bo,Wang Yi Bo,Grandmaster of Demonic Cultivation / The Untamed | 魔道祖师 / 陈情令,2020,2021,2,M,E Asian,unspecified
Grandmaster of Demonic Cultivation / The Untamed | 魔道祖师 / 陈情令 - Wei Ying | Wei Wuxian,Wei Ying | Wei Wuxian,Grandmaster of Demonic Cultivation / The Untamed | 魔道祖师 / 陈情令,2019,2024,6,M,E Asian,gay
Grandmaster of Demonic Cultivation / The Untamed | 魔道祖师 / 陈情令 - Xiao Zhan | Sean Xiao,Xiao Zhan | Sean Xiao,Grandmaster of Demonic Cultivation / The Untamed | 魔道祖师 / 陈情令,2020,2021,2,M,E Asian,unspecified
Gravity Falls - Bill Cipher,Bill Cipher,Gravity Falls,2016,2016,1,M,N.H.,unspecified
Gravity Falls - Dipper Pines,Dipper Pines,Gravity Falls,2016,2016,1,M,White,str8
Gravity Falls - Mabel Pines,Mabel Pines,Gravity Falls,2015,2022,7,F,White,unspecified
Gravity Falls - Pacifica Northwest,Pacifica Northwest,Gravity Falls,2015,2022,7,F,White,unspecified
Grey's Anatomy Universe - Addison Montgomery,Addison Montgomery,Grey's Anatomy Universe,2022,2024,3,F,White,str8
Grey's Anatomy Universe - Arizona Robbins,Arizona Robbins,Grey's Anatomy Universe,2014,2017,4,F,White,gay
Grey's Anatomy Universe - Calliope 'Callie' Torres,Calliope 'Callie' Torres,Grey's Anatomy Universe,2014,2017,4,F,Latin,bi
Grey's Anatomy Universe - Carina DeLuca,Carina DeLuca,Grey's Anatomy Universe,2022,2024,3,F,White,bi
Grey's Anatomy Universe - Maya Bishop,Maya Bishop,Grey's Anatomy Universe,2022,2024,3,F,White,bi
Grey's Anatomy Universe - Meredith Grey,Meredith Grey,Grey's Anatomy Universe,2022,2024,3,F,White,str8
Haikyuu!! | ハイキュー!! - Akaashi Keiji,Akaashi Keiji,Haikyuu!! | ハイキュー!!,2016,2024,7,M,E Asian,unspecified
Haikyuu!! | ハイキュー!! - Bokuto Koutarou,Bokuto Koutarou,Haikyuu!! | ハイキュー!!,2016,2024,7,M,E Asian,unspecified
Haikyuu!! | ハイキュー!! - Hinata Shouyou,Hinata Shouyou,Haikyuu!! | ハイキュー!!,2015,2024,9,M,E Asian,str8
Haikyuu!! | ハイキュー!! - Iwaizumi Hajime,Iwaizumi Hajime,Haikyuu!! | ハイキュー!!,2016,2024,8,M,E Asian,unspecified
Haikyuu!! | ハイキュー!! - Kageyama Tobio,Kageyama Tobio,Haikyuu!! | ハイキュー!!,2015,2024,9,M,E Asian,unspecified
Haikyuu!! | ハイキュー!! - Kozume Kenma,Kozume Kenma,Haikyuu!! | ハイキュー!!,2016,2023,5,M,E Asian,unspecified
Haikyuu!! | ハイキュー!! - Kuroo Tetsurou,Kuroo Tetsurou,Haikyuu!! | ハイキュー!!,2016,2023,5,M,E Asian,unspecified
Haikyuu!! | ハイキュー!! - Miya Atsumu,Miya Atsumu,Haikyuu!! | ハイキュー!!,2021,2024,4,M,E Asian,unspecified
Haikyuu!! | ハイキュー!! - Oikawa Tooru,Oikawa Tooru,Haikyuu!! | ハイキュー!!,2016,2024,8,M,E Asian,unspecified
Haikyuu!! | ハイキュー!! - Sakusa Kiyoomi,Sakusa Kiyoomi,Haikyuu!! | ハイキュー!!,2021,2024,4,M,E Asian,unspecified
Haikyuu!! | ハイキュー!! - Sawamura Daichi,Sawamura Daichi,Haikyuu!! | ハイキュー!!,2016,2022,4,M,E Asian,str8
Haikyuu!! | ハイキュー!! - Shimizu Kiyoko,Shimizu Kiyoko,Haikyuu!! | ハイキュー!!,2016,2024,8,F,E Asian,unspecified
Haikyuu!! | ハイキュー!! - Sugawara Koushi,Sugawara Koushi,Haikyuu!! | ハイキュー!!,2016,2022,4,M,E Asian,str8
Haikyuu!! | ハイキュー!! - Tsukishima Kei,Tsukishima Kei,Haikyuu!! | ハイキュー!!,2016,2021,2,M,E Asian,unspecified
Haikyuu!! | ハイキュー!! - Yachi Hitoka,Yachi Hitoka,Haikyuu!! | ハイキュー!!,2016,2024,8,F,E Asian,unspecified
Haikyuu!! | ハイキュー!! - Yamaguchi Tadashi,Yamaguchi Tadashi,Haikyuu!! | ハイキュー!!,2016,2021,2,M,E Asian,unspecified
Hamilton - Alexander Hamilton,Alexander Hamilton,Hamilton,2016,2019,3,M,Latin,str8
Hamilton - Elizabeth 'Eliza' Schuyler,Elizabeth 'Eliza' Schuyler,Hamilton,2017,2021,4,F,E Asian,str8
Hamilton - John Laurens,John Laurens,Hamilton,2016,2019,3,M,Latin,str8
Hamilton - Maria Reynolds,Maria Reynolds,Hamilton,2017,2021,4,F,Black,str8
Hamilton - Thomas Jefferson,Thomas Jefferson,Hamilton,2017,2017,1,M,Black,str8
Hannibal - Alana Bloom,Alana Bloom,Hannibal,2017,2017,1,F,White,bi
Hannibal - Hannibal Lecter,Hannibal Lecter,Hannibal,2013,2024,11,M,White,bi
Hannibal - Margot Verger,Margot Verger,Hannibal,2017,2017,1,F,White,gay
Hannibal - Will Graham,Will Graham,Hannibal,2013,2024,11,M,White,gay
Harry Potter Universe - Barty Crouch Jr.,Barty Crouch Jr.,Harry Potter Universe,2023,2024,2,M,White,unspecified
"Harry Potter Universe - Bellatrix Lestrange, née Black","Bellatrix Lestrange, née Black",Harry Potter Universe,2020,2024,5,F,White,str8
Harry Potter Universe - Credence Barebone,Credence Barebone,Harry Potter Universe,2017,2017,1,M,White,unspecified
Harry Potter Universe - Dorcas Meadowes,Dorcas Meadowes,Harry Potter Universe,2022,2024,3,F,Black,unspecified
Harry Potter Universe - Draco Malfoy,Draco Malfoy,Harry Potter Universe,2013,2024,11,M,White,str8
Harry Potter Universe - Evan Rosier,Evan Rosier,Harry Potter Universe,2023,2024,2,M,Unknown,unspecified
"Harry Potter Universe - Fleur Isabelle Weasley, née Delacour","Fleur Isabelle Weasley, née Delacour",Harry Potter Universe,2024,2024,1,F,White,str8
Harry Potter Universe - Ginny Weasley,Ginny Weasley,Harry Potter Universe,2013,2024,11,F,White,str8
Harry Potter Universe - Harry Potter,Harry Potter,Harry Potter Universe,2013,2024,11,M,White,str8
Harry Potter Universe - Hermione Granger,Hermione Granger,Harry Potter Universe,2013,2024,11,F,Ambig,str8
Harry Potter Universe - James Potter,James Potter,Harry Potter Universe,2013,2024,11,M,White,str8
"Harry Potter Universe - Lily Potter, née Evans","Lily Potter, née Evans",Harry Potter Universe,2013,2024,11,F,White,str8
Harry Potter Universe - Luna Lovegood,Luna Lovegood,Harry Potter Universe,2014,2024,10,F,White,str8
Harry Potter Universe - Marlene McKinnon,Marlene McKinnon,Harry Potter Universe,2022,2024,3,F,White,unspecified
Harry Potter Universe - Mary Macdonald,Mary Macdonald,Harry Potter Universe,2023,2024,2,F,Unknown,unspecified
Harry Potter Universe - Pandora Lovegood,Pandora Lovegood,Harry Potter Universe,2024,2024,1,F,White,str8
Harry Potter Universe - Pansy Parkinson,Pansy Parkinson,Harry Potter Universe,2015,2024,7,F,White,str8
Harry Potter Universe - Percival Graves,Percival Graves,Harry Potter Universe,2017,2017,1,M,White,unspecified
Harry Potter Universe - Regulus Black,Regulus Black,Harry Potter Universe,2022,2024,3,M,White,unspecified
Harry Potter Universe - Remus Lupin,Remus Lupin,Harry Potter Universe,2013,2024,11,M,White,str8
Harry Potter Universe - Ron Weasley,Ron Weasley,Harry Potter Universe,2013,2024,11,M,White,str8
Harry Potter Universe - Severus Snape,Severus Snape,Harry Potter Universe,2013,2024,11,M,White,str8
Harry Potter Universe - Sirius Black,Sirius Black,Harry Potter Universe,2013,2024,11,M,White,unspecified
Harry Potter Universe - Tom Riddle | Voldemort,Tom Riddle | Voldemort,Harry Potter Universe,2020,2024,5,M,White,str8
Hatsune Miku / Vocaloid | 初音ミク / ボーカロイド - Aoyagi Touya,Aoyagi Touya,Hatsune Miku / Vocaloid | 初音ミク / ボーカロイド,2023,2024,2,M,E Asian,unspecified
Hatsune Miku / Vocaloid | 初音ミク / ボーカロイド - Azusawa Kohane,Azusawa Kohane,Hatsune Miku / Vocaloid | 初音ミク / ボーカロイド,2024,2024,1,F,E Asian,unspecified
Hatsune Miku / Vocaloid | 初音ミク / ボーカロイド - Kamishiro Rui,Kamishiro Rui,Hatsune Miku / Vocaloid | 初音ミク / ボーカロイド,2023,2024,2,M,E Asian,unspecified
Hatsune Miku / Vocaloid | 初音ミク / ボーカロイド - Shinonome Akito,Shinonome Akito,Hatsune Miku / Vocaloid | 初音ミク / ボーカロイド,2023,2024,2,M,E Asian,unspecified
Hatsune Miku / Vocaloid | 初音ミク / ボーカロイド - Shiraishi An,Shiraishi An,Hatsune Miku / Vocaloid | 初音ミク / ボーカロイド,2024,2024,1,F,E Asian,unspecified
Hatsune Miku / Vocaloid | 初音ミク / ボーカロイド - Tenma Tsukasa,Tenma Tsukasa,Hatsune Miku / Vocaloid | 初音ミク / ボーカロイド,2023,2024,2,M,E Asian,unspecified
Hawaii Five-0 - Danny 'Danno' Williams,Danny 'Danno' Williams,Hawaii Five-0,2013,2024,11,M,White,str8
Hawaii Five-0 - Steve McGarrett,Steve McGarrett,Hawaii Five-0,2013,2024,11,M,White,str8
Hazbin Hotel Universe - Alastor,Alastor,Hazbin Hotel Universe,2024,2024,1,M,N.H.,acearo
Hazbin Hotel Universe - Angel Dust,Angel Dust,Hazbin Hotel Universe,2024,2024,1,M,N.H.,gay
Hazbin Hotel Universe - Blitzo Buckzo,Blitzo Buckzo,Hazbin Hotel Universe,2024,2024,1,M,N.H.,bi
Hazbin Hotel Universe - Charlotte 'Charlie' Magne/Morningstar,Charlotte 'Charlie' Magne/Morningstar,Hazbin Hotel Universe,2021,2024,4,F,N.H.,bi
Hazbin Hotel Universe - Husk,Husk,Hazbin Hotel Universe,2024,2024,1,M,N.H.,bi
Hazbin Hotel Universe - Lucifer Magne/Morningstar,Lucifer Magne/Morningstar,Hazbin Hotel Universe,2024,2024,1,M,N.H.,bi
Hazbin Hotel Universe - Stolas Goetia,Stolas Goetia,Hazbin Hotel Universe,2024,2024,1,M,N.H.,gay
Hazbin Hotel Universe - Vaggie,Vaggie,Hazbin Hotel Universe,2021,2024,4,F,N.H.,gay
Hazbin Hotel Universe - Valentino,Valentino,Hazbin Hotel Universe,2024,2024,1,M,N.H.,bi
Hazbin Hotel Universe - Vox,Vox,Hazbin Hotel Universe,2024,2024,1,M,N.H.,bi
Heartstopper - Charles 'Charlie' Spring,Charles 'Charlie' Spring,Heartstopper,2023,2024,2,M,White,gay
Heartstopper - Nicholas 'Nick' Nelson,Nicholas 'Nick' Nelson,Heartstopper,2023,2024,2,M,White,bi
Heaven Official's Blessing | 天官赐福 - Hua Cheng,Hua Cheng,Heaven Official's Blessing | 天官赐福,2022,2024,3,M,E Asian,gay
Heaven Official's Blessing | 天官赐福 - Xie Lian,Xie Lian,Heaven Official's Blessing | 天官赐福,2022,2024,3,M,E Asian,gay
Hetalia | ヘタリア - Alfred F. Jones | America,Alfred F. Jones | America,Hetalia | ヘタリア,2013,2019,6,M,White,unspecified
Hetalia | ヘタリア - Arthur Kirkland | England,Arthur Kirkland | England,Hetalia | ヘタリア,2013,2019,6,M,White,unspecified
Hockey - Jonathan Toews,Jonathan Toews,Hockey,2014,2014,1,M,White,unspecified
Hockey - Patrick Kane,Patrick Kane,Hockey,2014,2014,1,M,White,str8
Holby City - Bernie Wolfe,Bernie Wolfe,Holby City,2017,2024,7,F,White,bi
Holby City - Serena Campbell,Serena Campbell,Holby City,2017,2024,7,F,White,bi
Homestuck - Aranea Serket,Aranea Serket,Homestuck,2015,2016,2,F,Ambig,bi
Homestuck - Calliope,Calliope,Homestuck,2015,2015,1,F,N.H.,unspecified
Homestuck - Dave Strider,Dave Strider,Homestuck,2013,2017,5,M,Ambig,bi
Homestuck - Dirk Strider,Dirk Strider,Homestuck,2013,2015,3,M,Ambig,gay
Homestuck - Jade Harley,Jade Harley,Homestuck,2014,2017,4,F,Ambig,str8
Homestuck - Jake English,Jake English,Homestuck,2013,2015,3,M,Ambig,bi
Homestuck - Jane Crocker,Jane Crocker,Homestuck,2014,2019,5,F,Ambig,str8
Homestuck - John Egbert,John Egbert,Homestuck,2013,2017,5,M,Ambig,str8
Homestuck - Kanaya Maryam,Kanaya Maryam,Homestuck,2013,2024,11,F,N.H.,bi
Homestuck - Karkat Vantas,Karkat Vantas,Homestuck,2013,2016,4,M,Ambig,bi
Homestuck - Meenah Peixes,Meenah Peixes,Homestuck,2015,2016,2,F,Ambig,bi
Homestuck - Rose Lalonde,Rose Lalonde,Homestuck,2013,2024,11,F,Ambig,gay
Homestuck - Roxy Lalonde,Roxy Lalonde,Homestuck,2014,2019,5,F,Ambig,str8
Homestuck - Terezi Pyrope,Terezi Pyrope,Homestuck,2014,2023,9,F,N.H.,bi
Homestuck - Vriska Serket,Vriska Serket,Homestuck,2014,2023,9,F,N.H.,bi
Honkai: Star Rail | 崩坏：星穹铁道 - Dan Feng,Dan Feng,Honkai: Star Rail | 崩坏：星穹铁道,2024,2024,1,M,E Asian,unspecified
Honkai: Star Rail | 崩坏：星穹铁道 - Dan Heng,Dan Heng,Honkai: Star Rail | 崩坏：星穹铁道,2024,2024,1,M,E Asian,unspecified
Honkai: Star Rail | 崩坏：星穹铁道 - Dr. Veritas Ratio,Dr. Veritas Ratio,Honkai: Star Rail | 崩坏：星穹铁道,2024,2024,1,M,Ambig,unspecified
Honkai: Star Rail | 崩坏：星穹铁道 - Kakavasha | Aventurine,Kakavasha | Aventurine,Honkai: Star Rail | 崩坏：星穹铁道,2024,2024,1,M,Romani,unspecified
Honkai: Star Rail | 崩坏：星穹铁道 - Yingxing | Blade,Yingxing | Blade,Honkai: Star Rail | 崩坏：星穹铁道,2024,2024,1,M,E Asian,unspecified
House M.D. - Greg House,Greg House,House M.D.,2013,2014,2,M,White,str8
House M.D. - James Wilson,James Wilson,House M.D.,2013,2014,2,M,White,str8
Hunger Games / Panem Universe - Johanna Mason,Johanna Mason,Hunger Games / Panem Universe,2015,2016,2,F,White,unspecified
Hunger Games / Panem Universe - Katniss Everdeen,Katniss Everdeen,Hunger Games / Panem Universe,2013,2017,5,F,Ambig,str8
Hunger Games / Panem Universe - Peeta Mellark,Peeta Mellark,Hunger Games / Panem Universe,2013,2017,5,M,White,str8
IT - Ben Hanscom,Ben Hanscom,IT,2020,2020,1,M,White,str8
IT - Beverly Marsh,Beverly Marsh,IT,2020,2020,1,F,White,str8
IT - Eddie Kaspbrak,Eddie Kaspbrak,IT,2019,2024,6,M,White,str8
IT - Richie Tozier,Richie Tozier,IT,2019,2024,6,M,White,gay
Inception - Arthur,Arthur,Inception,2013,2020,7,M,White,unspecified
Inception - Eames,Eames,Inception,2013,2020,7,M,White,unspecified
James Bond Universe - James Bond,James Bond,James Bond Universe,2013,2020,7,M,White,str8
James Bond Universe - Q,Q,James Bond Universe,2013,2020,7,M,White,unspecified
JoJo's Bizarre Adventure | ジョジョの奇妙な冒険 - Bruno Buccellati,Bruno Buccellati,JoJo's Bizarre Adventure | ジョジョの奇妙な冒険,2020,2020,1,M,Latin,unspecified
JoJo's Bizarre Adventure | ジョジョの奇妙な冒険 - Kakyoin Noriaki,Kakyoin Noriaki,JoJo's Bizarre Adventure | ジョジョの奇妙な冒険,2020,2020,1,M,E Asian,unspecified
JoJo's Bizarre Adventure | ジョジョの奇妙な冒険 - Kujo 'Jojo' Jotaro,Kujo 'Jojo' Jotaro,JoJo's Bizarre Adventure | ジョジョの奇妙な冒険,2020,2020,1,M,E Asian (Multi),str8
JoJo's Bizarre Adventure | ジョジョの奇妙な冒険 - Leone Abbacchio,Leone Abbacchio,JoJo's Bizarre Adventure | ジョジョの奇妙な冒険,2020,2020,1,M,Latin,unspecified
Journey to the West Universe - Liu'Er Mihou | Six-eared Macaque,Liu'Er Mihou | Six-eared Macaque,Journey to the West Universe,2023,2023,1,M,N.H.,unspecified
Journey to the West Universe - Sun Wukong | Monkey King,Sun Wukong | Monkey King,Journey to the West Universe,2023,2023,1,M,N.H.,unspecified
Jujutsu Kaisen | 呪術廻戦 - Fushiguro Megumi,Fushiguro Megumi,Jujutsu Kaisen | 呪術廻戦,2024,2024,1,M,E Asian,unspecified
Jujutsu Kaisen | 呪術廻戦 - Getou Suguru,Getou Suguru,Jujutsu Kaisen | 呪術廻戦,2021,2024,4,M,E Asian,unspecified
Jujutsu Kaisen | 呪術廻戦 - Gojo Satoru,Gojo Satoru,Jujutsu Kaisen | 呪術廻戦,2021,2024,4,M,E Asian,unspecified
Jujutsu Kaisen | 呪術廻戦 - Itadori Yuuji,Itadori Yuuji,Jujutsu Kaisen | 呪術廻戦,2024,2024,1,M,E Asian,str8
Jujutsu Kaisen | 呪術廻戦 - Kugisaki Nobara,Kugisaki Nobara,Jujutsu Kaisen | 呪術廻戦,2024,2024,1,F,E Asian,unspecified
Jujutsu Kaisen | 呪術廻戦 - Y/N | Reader,Y/N | Reader,Jujutsu Kaisen | 呪術廻戦,2024,2024,1,Ambig,Ambig,unspecified
Jujutsu Kaisen | 呪術廻戦 - Zenin Maki,Zenin Maki,Jujutsu Kaisen | 呪術廻戦,2024,2024,1,F,E Asian,unspecified
Julie and The Phantoms - Alex Mercer,Alex Mercer,Julie and The Phantoms,2021,2021,1,M,White,gay
Julie and The Phantoms - Julie Molina,Julie Molina,Julie and The Phantoms,2021,2021,1,F,Latin,str8
Julie and The Phantoms - Luke Patterson,Luke Patterson,Julie and The Phantoms,2021,2021,1,M,White,str8
Julie and The Phantoms - Willie,Willie,Julie and The Phantoms,2021,2021,1,M,Am Ind / E Asian (Multi),gay
Kill la Kill | キルラキル - Kiryuuin Satsuki,Kiryuuin Satsuki,Kill la Kill | キルラキル,2015,2015,1,F,E Asian,unspecified
Kill la Kill | キルラキル - Matoi Ryuuko,Matoi Ryuuko,Kill la Kill | キルラキル,2015,2015,1,F,E Asian,gay
Killing Eve - Eve Polastri,Eve Polastri,Killing Eve,2019,2024,6,F,E Asian,bi
Killing Eve - Oksana Anatolyevna Astankova | Villanelle,Oksana Anatolyevna Astankova | Villanelle,Killing Eve,2019,2024,6,F,White,gay
Kim Possible - Kim Possible,Kim Possible,Kim Possible,2015,2015,1,F,White,str8
Kim Possible - Shego,Shego,Kim Possible,2015,2015,1,F,White,str8
Kingsman - Gary 'Eggsy' Unwin,Gary 'Eggsy' Unwin,Kingsman,2016,2017,2,M,White,str8
Kingsman - Harry Hart,Harry Hart,Kingsman,2016,2017,2,M,White,unspecified
KinnPorsche | คินน์พอร์ช เดอะ ซีรีส์ - Kim Theerapanyakun | Wik,Kim Theerapanyakun | Wik,KinnPorsche | คินน์พอร์ช เดอะ ซีรีส์,2023,2023,1,M,SE Asian,unspecified
KinnPorsche | คินน์พอร์ช เดอะ ซีรีส์ - Kinn Anakinn Theerapanyakun,Kinn Anakinn Theerapanyakun,KinnPorsche | คินน์พอร์ช เดอะ ซีรีส์,2023,2023,1,M,SE Asian,gay
KinnPorsche | คินน์พอร์ช เดอะ ซีรีส์ - Pete Phongsakorn Saengtham,Pete Phongsakorn Saengtham,KinnPorsche | คินน์พอร์ช เดอะ ซีรีส์,2023,2023,1,M,SE Asian,bi
KinnPorsche | คินน์พอร์ช เดอะ ซีรีส์ - Porchay Pichaya Kittisawat,Porchay Pichaya Kittisawat,KinnPorsche | คินน์พอร์ช เดอะ ซีรีส์,2023,2023,1,M,SE Asian,unspecified
KinnPorsche | คินน์พอร์ช เดอะ ซีรีส์ - Porsche Pachara Kittisawat,Porsche Pachara Kittisawat,KinnPorsche | คินน์พอร์ช เดอะ ซีรีส์,2023,2023,1,M,SE Asian,unspecified
KinnPorsche | คินน์พอร์ช เดอะ ซีรีส์ - Vegas Kornwit Theerapanyakun,Vegas Kornwit Theerapanyakun,KinnPorsche | คินน์พอร์ช เดอะ ซีรีส์,2023,2023,1,M,SE Asian,gay
Law & Order - Alexandra Cabot,Alexandra Cabot,Law & Order,2015,2016,2,F,White,unspecified
Law & Order - Elliot Stabler,Elliot Stabler,Law & Order,2022,2023,2,M,White,str8
Law & Order - Olivia Benson,Olivia Benson,Law & Order,2015,2023,4,F,White,str8
Legend of the Seeker - Cara Mason,Cara Mason,Legend of the Seeker,2014,2017,4,F,White,str8
Legend of the Seeker - Kahlan Amnell,Kahlan Amnell,Legend of the Seeker,2014,2017,4,F,White,str8
Les Misérables - Cosette Fauchelevent,Cosette Fauchelevent,Les Misérables,2014,2020,6,F,White,str8
Les Misérables - Enjolras,Enjolras,Les Misérables,2013,2024,11,M,White,unspecified
Les Misérables - Grantaire,Grantaire,Les Misérables,2013,2024,11,M,White,unspecified
Les Misérables - Éponine Thénardier,Éponine Thénardier,Les Misérables,2014,2020,6,F,Ambig,str8
Life Is Strange - Chloe Price,Chloe Price,Life Is Strange,2016,2024,8,F,White,gay
Life Is Strange - Maxine 'Max' Caulfield,Maxine 'Max' Caulfield,Life Is Strange,2016,2024,8,F,White,bi
Life Is Strange - Rachel Amber,Rachel Amber,Life Is Strange,2019,2024,6,F,White,bi
Life Is Strange - Victoria Chase,Victoria Chase,Life Is Strange,2016,2017,2,F,White,str8
Little Witch Academia | リトルウィッチアカデミア - Atsuko 'Akko' Kagari,Atsuko 'Akko' Kagari,Little Witch Academia | リトルウィッチアカデミア,2019,2024,6,F,E Asian,unspecified
Little Witch Academia | リトルウィッチアカデミア - Diana Cavendish,Diana Cavendish,Little Witch Academia | リトルウィッチアカデミア,2019,2024,6,F,White,unspecified
Lockwood & Co. - Anthony Lockwood,Anthony Lockwood,Lockwood & Co.,2023,2023,1,M,White,unspecified
Lockwood & Co. - Lucy Carlyle,Lucy Carlyle,Lockwood & Co.,2023,2023,1,F,White,unspecified
Lord of the Rings Universe - Bilbo Baggins,Bilbo Baggins,Lord of the Rings Universe,2013,2024,11,M,White,unspecified
Lord of the Rings Universe - Fíli,Fíli,Lord of the Rings Universe,2013,2014,2,M,White,unspecified
Lord of the Rings Universe - Kíli,Kíli,Lord of the Rings Universe,2013,2014,2,M,White,str8
Lord of the Rings Universe - Thorin Oakenshield,Thorin Oakenshield,Lord of the Rings Universe,2013,2024,11,M,White,unspecified
Lost Girl - Bo,Bo,Lost Girl,2014,2017,4,F,White,bi
Lost Girl - Lauren Lewis,Lauren Lewis,Lost Girl,2014,2017,4,F,White,gay
Lost Girl - Tamsin,Tamsin,Lost Girl,2015,2015,1,F,White,gay
Love Live! | ラブライブ! - Ayase Eli,Ayase Eli,Love Live! | ラブライブ!,2017,2020,3,F,E Asian (Multi),unspecified
Love Live! | ラブライブ! - Nishikino Maki,Nishikino Maki,Love Live! | ラブライブ!,2017,2020,3,F,E Asian,unspecified
Love Live! | ラブライブ! - Toujou Nozomi,Toujou Nozomi,Love Live! | ラブライブ!,2017,2020,3,F,E Asian,unspecified
Love Live! | ラブライブ! - Yazawa Nico,Yazawa Nico,Love Live! | ラブライブ!,2017,2020,3,F,E Asian,unspecified
Lucifer - Chloe Decker,Chloe Decker,Lucifer,2020,2020,1,F,White,bi
Lucifer - Lucifer Morningstar,Lucifer Morningstar,Lucifer,2020,2020,1,M,White,str8
MIRROR - Lo Hon-ting | Anson Lo,Lo Hon-ting | Anson Lo,MIRROR,2022,2022,1,M,E Asian,unspecified
MIRROR - Lui Cheuk-on | Edan Lui,Lui Cheuk-on | Edan Lui,MIRROR,2022,2022,1,M,E Asian,unspecified
Maleficent - Aurora,Aurora,Maleficent,2015,2015,1,F,White,str8
Maleficent - Maleficent,Maleficent,Maleficent,2015,2015,1,F,White,str8
Marvel - America Chavez | Ms. America,America Chavez | Ms. America,Marvel,2015,2016,2,F,Af Lat,gay
Marvel - Angie Martinelli,Angie Martinelli,Marvel,2015,2024,9,F,White,unspecified
Marvel - Bruce Banner | Hulk,Bruce Banner | Hulk,Marvel,2013,2016,4,M,White,str8
Marvel - Carol Danvers | Ms. Marvel/Captain Marvel,Carol Danvers | Ms. Marvel/Captain Marvel,Marvel,2019,2021,3,F,White,str8
Marvel - Charles Xavier | Professor X,Charles Xavier | Professor X,Marvel,2013,2024,11,M,White,str8
Marvel - Clint Barton | Hawkeye,Clint Barton | Hawkeye,Marvel,2013,2024,11,M,White,str8
Marvel - Daisy Johnson | Skye,Daisy Johnson | Skye,Marvel,2014,2024,10,F,E Asian (Multi),str8
Marvel - Darcy Lewis,Darcy Lewis,Marvel,2015,2016,2,F,White,str8
Marvel - Eddie Brock | Venom,Eddie Brock | Venom,Marvel,2019,2019,1,M,White,str8
Marvel - Erik Lehnsherr | Magneto,Erik Lehnsherr | Magneto,Marvel,2013,2024,11,M,White,str8
Marvel - Grant Ward,Grant Ward,Marvel,2015,2015,1,M,White,str8
Marvel - James Buchanan 'Bucky' Barnes | Winter Soldier/Captain America,James Buchanan 'Bucky' Barnes | Winter Soldier/Captain America,Marvel,2013,2024,11,M,White,str8
Marvel - Jane Foster | Thor,Jane Foster | Thor,Marvel,2013,2017,5,F,White,str8
Marvel - Jemma Simmons,Jemma Simmons,Marvel,2014,2024,10,F,White,str8
Marvel - Kate Bishop | Hawkeye,Kate Bishop | Hawkeye,Marvel,2015,2024,5,F,White,str8
Marvel - Leopold 'Leo' Fitz,Leopold 'Leo' Fitz,Marvel,2016,2020,4,M,White,str8
Marvel - Loki Laufeyson/Odinson,Loki Laufeyson/Odinson,Marvel,2013,2024,11,M | Other,White,bi
Marvel - Maria Hill,Maria Hill,Marvel,2014,2024,10,F,White,str8
Marvel - Maria Rambeau | Binary,Maria Rambeau | Binary,Marvel,2019,2021,3,F,Black,str8
Marvel - Michelle 'MJ' Jones,Michelle 'MJ' Jones,Marvel,2020,2022,2,F,Black (Multi),str8
Marvel - Mobius M. 'Moby' Mobius,Mobius M. 'Moby' Mobius,Marvel,2022,2024,2,M,White,unspecified
Marvel - Natalia Alianovna 'Natasha' Romanova | Black Widow,Natalia Alianovna 'Natasha' Romanova | Black Widow,Marvel,2013,2024,11,F,White,str8
Marvel - Peggy Carter,Peggy Carter,Marvel,2015,2024,9,F,White,str8
Marvel - Peter Parker | Spiderman,Peter Parker | Spiderman,Marvel,2016,2024,8,M,White,str8
Marvel - Phil Coulson,Phil Coulson,Marvel,2013,2023,10,M,White,unspecified
Marvel - Samuel 'Sam' Wilson | Falcon/Captain America,Samuel 'Sam' Wilson | Falcon/Captain America,Marvel,2021,2022,2,M,Black,str8
Marvel - Stephen Strange | Doctor Strange,Stephen Strange | Doctor Strange,Marvel,2019,2020,2,M,White,str8
Marvel - Steve Rogers | Captain America,Steve Rogers | Captain America,Marvel,2013,2024,11,M,White,str8
Marvel - Thor Odinson,Thor Odinson,Marvel,2013,2024,11,M,White,str8
Marvel - Tony Stark | Iron Man,Tony Stark | Iron Man,Marvel,2013,2024,11,M,White,str8
Marvel - Venom (Symbiote),Venom (Symbiote),Marvel,2019,2019,1,Other,N.H.,unspecified
Marvel - Virginia 'Pepper' Potts | Rescue,Virginia 'Pepper' Potts | Rescue,Marvel,2013,2024,11,F,White,str8
Marvel - Wade Wilson | Deadpool,Wade Wilson | Deadpool,Marvel,2016,2020,4,M,White,bi
Marvel - Wanda Maximoff | Scarlet Witch,Wanda Maximoff | Scarlet Witch,Marvel,2020,2024,5,F,Romani,str8
Marvel - Y/N | Reader,Y/N | Reader,Marvel,2016,2024,8,Ambig,Ambig,unspecified
Marvel - Yelena Belova | Black Widow/White Widow,Yelena Belova | Black Widow/White Widow,Marvel,2022,2024,3,F,White,acearo
Mass Effect - Kaidan Alenko,Kaidan Alenko,Mass Effect,2015,2016,2,M,White,str8
Mass Effect - Liara T'Soni,Liara T'Soni,Mass Effect,2014,2024,10,F,N.H.,bi
Mass Effect - Shepard (Female) | Player Character,Shepard (Female) | Player Character,Mass Effect,2014,2024,10,F,Ambig,bi
Mass Effect - Shepard | Player Character,Shepard | Player Character,Mass Effect,2015,2016,2,Ambig,Ambig,bi
Merlin - Arthur Pendragon,Arthur Pendragon,Merlin,2013,2024,11,M,White,str8
Merlin - Guinevere 'Gwen' Pendragon,Guinevere 'Gwen' Pendragon,Merlin,2013,2024,11,F,Black,str8
Merlin - Merlin,Merlin,Merlin,2013,2024,11,M,White,str8
Merlin - Morgana,Morgana,Merlin,2014,2024,10,F,White,str8
Merlin - Morgause,Morgause,Merlin,2015,2016,2,F,White,unspecified
Miraculous: Tales of Ladybug & Cat Noir | Miraculous: Les Aventures de Ladybug et Chat Noir - Adrien Agreste | Chat Noir,Adrien Agreste | Chat Noir,Miraculous: Tales of Ladybug & Cat Noir | Miraculous: Les Aventures de Ladybug et Chat Noir,2016,2024,8,M,White,str8
Miraculous: Tales of Ladybug & Cat Noir | Miraculous: Les Aventures de Ladybug et Chat Noir - Juleka Couffaine | Reflekta,Juleka Couffaine | Reflekta,Miraculous: Tales of Ladybug & Cat Noir | Miraculous: Les Aventures de Ladybug et Chat Noir,2022,2024,3,F,White,gay
Miraculous: Tales of Ladybug & Cat Noir | Miraculous: Les Aventures de Ladybug et Chat Noir - Marinette Dupain-Cheng | Ladybug,Marinette Dupain-Cheng | Ladybug,Miraculous: Tales of Ladybug & Cat Noir | Miraculous: Les Aventures de Ladybug et Chat Noir,2016,2024,8,F,E Asian (Multi),str8
Miraculous: Tales of Ladybug & Cat Noir | Miraculous: Les Aventures de Ladybug et Chat Noir - Rose Lavillant | Princess Fragrance,Rose Lavillant | Princess Fragrance,Miraculous: Tales of Ladybug & Cat Noir | Miraculous: Les Aventures de Ladybug et Chat Noir,2022,2024,3,F,White,bi
Mortal Instruments - Alec Lightwood,Alec Lightwood,Mortal Instruments,2016,2024,8,M,White,gay
Mortal Instruments - Clary Fray,Clary Fray,Mortal Instruments,2016,2024,8,F,White,str8
Mortal Instruments - Isabelle Lightwood,Isabelle Lightwood,Mortal Instruments,2016,2024,8,F,Ambig,str8
Mortal Instruments - Magnus Bane,Magnus Bane,Mortal Instruments,2016,2024,8,M,E Asian,bi
Motherland - Raelle Collar,Raelle Collar,Motherland,2023,2024,2,F,White,gay
Motherland - Scylla Ramshorn,Scylla Ramshorn,Motherland,2023,2024,2,F,White,bi
My Chemical Romance - Frank Iero,Frank Iero,My Chemical Romance,2013,2024,11,M,White,str8
My Chemical Romance - Gerard Way,Gerard Way,My Chemical Romance,2013,2024,11,M | Other,White,str8
My Hero Academia | 僕のヒーローアカデミア - Aizawa Shouta | Eraserhead,Aizawa Shouta | Eraserhead,My Hero Academia | 僕のヒーローアカデミア,2019,2024,6,M,E Asian,unspecified
My Hero Academia | 僕のヒーローアカデミア - Asui Tsuyu | Froppy,Asui Tsuyu | Froppy,My Hero Academia | 僕のヒーローアカデミア,2019,2024,6,F,E Asian,unspecified
My Hero Academia | 僕のヒーローアカデミア - Bakugou Katsuki,Bakugou Katsuki,My Hero Academia | 僕のヒーローアカデミア,2019,2024,6,M,E Asian,unspecified
My Hero Academia | 僕のヒーローアカデミア - Jirou Kyouka | Earphone Jack,Jirou Kyouka | Earphone Jack,My Hero Academia | 僕のヒーローアカデミア,2019,2024,6,F,E Asian,unspecified
My Hero Academia | 僕のヒーローアカデミア - Kaminari Denki | Chargebolt,Kaminari Denki | Chargebolt,My Hero Academia | 僕のヒーローアカデミア,2020,2022,3,M,E Asian,str8
My Hero Academia | 僕のヒーローアカデミア - Kirishima Eijirou | Red Riot,Kirishima Eijirou | Red Riot,My Hero Academia | 僕のヒーローアカデミア,2019,2024,6,M,E Asian,unspecified
My Hero Academia | 僕のヒーローアカデミア - Midoriya Izuku | Deku,Midoriya Izuku | Deku,My Hero Academia | 僕のヒーローアカデミア,2019,2024,6,M,E Asian,unspecified
My Hero Academia | 僕のヒーローアカデミア - Shinsou Hitoshi,Shinsou Hitoshi,My Hero Academia | 僕のヒーローアカデミア,2020,2022,3,M,E Asian,unspecified
My Hero Academia | 僕のヒーローアカデミア - Takami Keigo | Hawks,Takami Keigo | Hawks,My Hero Academia | 僕のヒーローアカデミア,2020,2024,5,M,E Asian,unspecified
My Hero Academia | 僕のヒーローアカデミア - Todoroki Shouto | Shoto,Todoroki Shouto | Shoto,My Hero Academia | 僕のヒーローアカデミア,2019,2024,6,M,E Asian,unspecified
My Hero Academia | 僕のヒーローアカデミア - Todoroki Touya | Dabi,Todoroki Touya | Dabi,My Hero Academia | 僕のヒーローアカデミア,2020,2024,5,M,E Asian,unspecified
My Hero Academia | 僕のヒーローアカデミア - Toga Himiko,Toga Himiko,My Hero Academia | 僕のヒーローアカデミア,2024,2024,1,F,E Asian,bi
My Hero Academia | 僕のヒーローアカデミア - Uraraka Ochako | Uravity,Uraraka Ochako | Uravity,My Hero Academia | 僕のヒーローアカデミア,2019,2024,6,F,E Asian,str8
My Hero Academia | 僕のヒーローアカデミア - Y/N | Reader,Y/N | Reader,My Hero Academia | 僕のヒーローアカデミア,2021,2021,1,Ambig,Ambig,unspecified
My Hero Academia | 僕のヒーローアカデミア - Yagi Toshinori | All Might,Yagi Toshinori | All Might,My Hero Academia | 僕のヒーローアカデミア,2021,2021,1,M,E Asian,unspecified
My Hero Academia | 僕のヒーローアカデミア - Yamada Hizashi | Present Mic,Yamada Hizashi | Present Mic,My Hero Academia | 僕のヒーローアカデミア,2019,2024,6,M,E Asian,unspecified
My Hero Academia | 僕のヒーローアカデミア - Yaoyorozu Momo | Creati,Yaoyorozu Momo | Creati,My Hero Academia | 僕のヒーローアカデミア,2019,2024,6,F,E Asian,unspecified
NCIS - Abigail Beethoven 'Abby' Sciuto,Abigail Beethoven 'Abby' Sciuto,NCIS,2015,2015,1,F,White,str8
NCIS - Anthony DiNozzo,Anthony DiNozzo,NCIS,2013,2015,3,M,White,str8
NCIS - Jethro Gibbs,Jethro Gibbs,NCIS,2013,2015,3,M,White,str8
NCIS - Kate Whistler,Kate Whistler,NCIS,2024,2024,1,F,White,gay
NCIS - Lucy Tara,Lucy Tara,NCIS,2024,2024,1,F,MENA / SE Asian (Multi),gay
NCIS - Ziva David,Ziva David,NCIS,2015,2015,1,F,MENA,str8
NCT - Lee Donghyuck | Haechan,Lee Donghyuck | Haechan,NCT,2019,2020,2,M,E Asian,unspecified
NCT - Lee Jeno | Jeno,Lee Jeno | Jeno,NCT,2020,2020,1,M,E Asian,unspecified
NCT - Mark Lee | Mark,Mark Lee | Mark,NCT,2019,2020,2,M,E Asian,unspecified
NCT - Na Jaemin | Jaemin,Na Jaemin | Jaemin,NCT,2020,2020,1,M,E Asian,unspecified
Naruto - Haruno Sakura,Haruno Sakura,Naruto,2019,2022,4,F,E Asian,str8
Naruto - Uchiha Sasuke,Uchiha Sasuke,Naruto,2013,2024,10,M,E Asian,str8
Naruto - Uzumaki Naruto,Uzumaki Naruto,Naruto,2013,2024,10,M,E Asian,str8
Naruto - Yamanaka Ino,Yamanaka Ino,Naruto,2019,2022,4,F,E Asian,str8
New Gods | 新神榜 - Erlang Shen | Yang Jian,Erlang Shen | Yang Jian,New Gods | 新神榜,2023,2023,1,M,E Asian,unspecified
New Gods | 新神榜 - Liu Chenxiang,Liu Chenxiang,New Gods | 新神榜,2023,2023,1,M,E Asian,unspecified
Omniscient Reader | 전지적 독자 시점 - Kim Dokja,Kim Dokja,Omniscient Reader | 전지적 독자 시점,2023,2024,2,M,E Asian,unspecified
Omniscient Reader | 전지적 독자 시점 - Yoo Joonghyuk,Yoo Joonghyuk,Omniscient Reader | 전지적 독자 시점,2023,2024,2,M,E Asian,str8
Once Upon a Time - Aurora,Aurora,Once Upon a Time,2014,2016,3,F,White,str8
Once Upon a Time - Belle,Belle,Once Upon a Time,2013,2021,8,F,White,str8
Once Upon a Time - Emma Swan,Emma Swan,Once Upon a Time,2013,2024,11,F,White,str8
Once Upon a Time - Killian Jones | Captain Hook,Killian Jones | Captain Hook,Once Upon a Time,2014,2023,9,M,White,str8
Once Upon a Time - Mr. Gold | Rumpelstiltskin,Mr. Gold | Rumpelstiltskin,Once Upon a Time,2013,2021,8,M,White,str8
Once Upon a Time - Mulan,Mulan,Once Upon a Time,2014,2016,3,F,E Asian,gay
Once Upon a Time - Regina Mills | Evil Queen,Regina Mills | Evil Queen,Once Upon a Time,2013,2024,11,F,Latin,str8
Once Upon a Time - Ruby | Red Riding Hood,Ruby | Red Riding Hood,Once Upon a Time,2014,2017,4,F,White,bi
One Direction - Harry Styles,Harry Styles,One Direction,2013,2024,11,M,White,unspecified
One Direction - Liam Payne,Liam Payne,One Direction,2013,2022,9,M,White,str8
One Direction - Louis Tomlinson,Louis Tomlinson,One Direction,2013,2024,11,M,White,str8
One Direction - Niall Horan,Niall Horan,One Direction,2013,2017,5,M,White,str8
One Direction - Zayn Malik,Zayn Malik,One Direction,2013,2022,9,M,S Asian,str8
One Piece | ワンピース - Roronoa Zoro | Pirate Hunter Zoro,Roronoa Zoro | Pirate Hunter Zoro,One Piece | ワンピース,2023,2024,2,M,E Asian,unspecified
One Piece | ワンピース - Sanji Vinsmoke | Black-Leg Sanji,Sanji Vinsmoke | Black-Leg Sanji,One Piece | ワンピース,2023,2024,2,M,White,str8
One-Punch Man | ワンパンマン - Genos | Demon Cyborg,Genos | Demon Cyborg,One-Punch Man | ワンパンマン,2016,2016,1,M,E Asian,unspecified
One-Punch Man | ワンパンマン - Saitama | One Punch Man/Caped Baldy,Saitama | One Punch Man/Caped Baldy,One-Punch Man | ワンパンマン,2016,2016,1,M,E Asian,unspecified
Orange is the New Black - Alex Vause,Alex Vause,Orange is the New Black,2015,2016,2,F,White,gay
Orange is the New Black - Piper Chapman,Piper Chapman,Orange is the New Black,2015,2016,2,F,White,bi
Orphan Black - Alison Hendrix,Alison Hendrix,Orphan Black,2015,2015,1,F,White,str8
Orphan Black - Beth Childs,Beth Childs,Orphan Black,2015,2015,1,F,White,str8
Orphan Black - Cosima Niehaus,Cosima Niehaus,Orphan Black,2014,2024,10,F,White,gay
Orphan Black - Delphine Cormier,Delphine Cormier,Orphan Black,2014,2024,10,F,White,bi
Our Flag Means Death - Edward Teach | Blackbeard,Edward Teach | Blackbeard,Our Flag Means Death,2022,2024,3,M,Māori Ind (Multi),gay
Our Flag Means Death - Israel Hands,Israel Hands,Our Flag Means Death,2023,2023,1,M,White,gay
Our Flag Means Death - Stede Bonnet,Stede Bonnet,Our Flag Means Death,2022,2024,3,M,White,gay
Overwatch - Amélie Lacroix | Widowmaker,Amélie Lacroix | Widowmaker,Overwatch,2019,2023,5,F,White,str8
Overwatch - Angela Ziegler | Mercy,Angela Ziegler | Mercy,Overwatch,2016,2024,8,F,White,unspecified
Overwatch - Emily,Emily,Overwatch,2019,2020,2,F,White,gay
Overwatch - Fareeha Amari | Pharah,Fareeha Amari | Pharah,Overwatch,2016,2024,8,F,MENA,unspecified
Overwatch - Gabriel Reyes | Reaper,Gabriel Reyes | Reaper,Overwatch,2017,2017,1,M,Af Lat,str8
Overwatch - Jack Morrison | Soldier: 76,Jack Morrison | Soldier: 76,Overwatch,2017,2017,1,M,White,gay
Overwatch - Jesse McCree | McCree,Jesse McCree | McCree,Overwatch,2017,2019,2,M,White,unspecified
Overwatch - Lena Oxton | Tracer,Lena Oxton | Tracer,Overwatch,2019,2023,5,F,White,gay
Overwatch - Moira O'Deorain,Moira O'Deorain,Overwatch,2019,2020,2,F,White,unspecified
Overwatch - Shimada Hanzo,Shimada Hanzo,Overwatch,2017,2019,2,M,E Asian,unspecified
Pacific Rim - Hermann Gottlieb,Hermann Gottlieb,Pacific Rim,2014,2015,2,M,White,str8
Pacific Rim - Newton Geiszler,Newton Geiszler,Pacific Rim,2014,2015,2,M,White,bi
Panic! at the Disco - Brendon Urie,Brendon Urie,Panic! at the Disco,2013,2013,1,M,White (Multi),bi
Panic! at the Disco - Ryan Ross,Ryan Ross,Panic! at the Disco,2013,2013,1,M,White,unspecified
Panic! at the Disco - Spencer Smith,Spencer Smith,Panic! at the Disco,2013,2013,1,M,White,str8
Percy Jackson - Annabeth Chase,Annabeth Chase,Percy Jackson,2015,2024,6,F,White,str8
Percy Jackson - Nico di Angelo,Nico di Angelo,Percy Jackson,2016,2024,3,M,White,gay
Percy Jackson - Percy Jackson,Percy Jackson,Percy Jackson,2020,2024,5,M,White,str8
Percy Jackson - Piper McLean,Piper McLean,Percy Jackson,2015,2015,1,F,Am Ind,bi
Percy Jackson - Will Solace,Will Solace,Percy Jackson,2016,2024,3,M,White,bi
Person of Interest - Samantha Groves | Root,Samantha Groves | Root,Person of Interest,2015,2024,9,F,White,gay
Person of Interest - Sameen Shaw,Sameen Shaw,Person of Interest,2015,2024,9,F,MENA (Multi),bi
Persona - Akechi Goro,Akechi Goro,Persona,2020,2024,3,M,E Asian,unspecified
Persona - Amagi Yukiko,Amagi Yukiko,Persona,2015,2015,1,F,E Asian,str8
Persona - Amamiya Ren | Joker | Player Character,Amamiya Ren | Joker | Player Character,Persona,2020,2024,3,M,E Asian,str8
Persona - Satonaka Chie,Satonaka Chie,Persona,2015,2015,1,F,E Asian,str8
Pitch Perfect - Beca Mitchell,Beca Mitchell,Pitch Perfect,2014,2024,10,F,White,bi
Pitch Perfect - Chloe Beale,Chloe Beale,Pitch Perfect,2014,2024,10,F,White,bi
Power Rangers - Kimberly Ann 'Kim' Hart | Pink Ranger,Kimberly Ann 'Kim' Hart | Pink Ranger,Power Rangers,2017,2024,7,F,Ambig,str8
Power Rangers - Trini Kwan | Yellow Ranger,Trini Kwan | Yellow Ranger,Power Rangers,2017,2024,7,F,SE Asian,str8
Pretty Guardian Sailor Moon | 美少女戦士セーラームーン - Kaiou Michiru | Sailor Neptune,Kaiou Michiru | Sailor Neptune,Pretty Guardian Sailor Moon | 美少女戦士セーラームーン,2015,2021,6,F,E Asian,gay
Pretty Guardian Sailor Moon | 美少女戦士セーラームーン - Tenoh Haruka | Sailor Uranus,Tenoh Haruka | Sailor Uranus,Pretty Guardian Sailor Moon | 美少女戦士セーラームーン,2015,2021,6,F | Other,E Asian,gay
Puella Magi Madoka Magica | 魔法少女まどか☆マギカ - Akemi Homura,Akemi Homura,Puella Magi Madoka Magica | 魔法少女まどか☆マギカ,2014,2017,4,F,E Asian,unspecified
Puella Magi Madoka Magica | 魔法少女まどか☆マギカ - Kaname Madoka,Kaname Madoka,Puella Magi Madoka Magica | 魔法少女まどか☆マギカ,2014,2017,4,F,E Asian,unspecified
Puella Magi Madoka Magica | 魔法少女まどか☆マギカ - Miki Sayaka,Miki Sayaka,Puella Magi Madoka Magica | 魔法少女まどか☆マギカ,2015,2015,1,F,E Asian,unspecified
Puella Magi Madoka Magica | 魔法少女まどか☆マギカ - Sakura Kyouko,Sakura Kyouko,Puella Magi Madoka Magica | 魔法少女まどか☆マギカ,2015,2015,1,F,E Asian,unspecified
Queer as Folk - Brian Kinney,Brian Kinney,Queer as Folk,2013,2019,4,M,White,gay
Queer as Folk - Justin Taylor,Justin Taylor,Queer as Folk,2013,2019,4,M,White,gay
RWBY - Blake Belladonna,Blake Belladonna,RWBY,2015,2024,9,F,E Asian,bi
RWBY - Ruby Rose,Ruby Rose,RWBY,2015,2024,9,F,E Asian (Multi),unspecified
RWBY - Weiss Schnee,Weiss Schnee,RWBY,2015,2024,9,F,White,unspecified
RWBY - Xiao Long Yang,Xiao Long Yang,RWBY,2015,2024,9,F,E Asian,bi
Raven Cycle - Adam Parrish,Adam Parrish,Raven Cycle,2016,2016,1,M,White,bi
Raven Cycle - Ronan Lynch,Ronan Lynch,Raven Cycle,2016,2016,1,M,White,gay
Red Velvet - Bae Joohyun | Irene,Bae Joohyun | Irene,Red Velvet,2021,2021,1,F,E Asian,unspecified
Red Velvet - Kang Seulgi | Seulgi,Kang Seulgi | Seulgi,Red Velvet,2021,2021,1,F,E Asian,unspecified
Red White & Royal Blue - Alexander Gabriel 'Alex' Claremont-Diaz,Alexander Gabriel 'Alex' Claremont-Diaz,Red White & Royal Blue,2024,2024,1,M,Latin (Multi),bi
Red White & Royal Blue - Henry George Edward James Fox-Mountchristen-Windsor/Hanover-Stuart-Fox | Prince of Wales,Henry George Edward James Fox-Mountchristen-Windsor/Hanover-Stuart-Fox | Prince of Wales,Red White & Royal Blue,2024,2024,1,M,White,gay
Rizzoli & Isles - Jane Rizzoli,Jane Rizzoli,Rizzoli & Isles,2014,2024,10,F,White,str8
Rizzoli & Isles - Maura Isles,Maura Isles,Rizzoli & Isles,2014,2024,10,F,White,str8
Rookie Blue - Gail Peck,Gail Peck,Rookie Blue,2015,2017,3,F,White,bi
Rookie Blue - Holly Stewart,Holly Stewart,Rookie Blue,2015,2017,3,F,White,gay
Roswell New Mexico - Alex Manes,Alex Manes,Roswell New Mexico,2020,2020,1,M,White,gay
Roswell New Mexico - Michael Guerin,Michael Guerin,Roswell New Mexico,2020,2020,1,M,SE Eu (Multi),bi
SEVENTEEN - Jeon Wonwoo | Wonwoo,Jeon Wonwoo | Wonwoo,SEVENTEEN,2024,2024,1,M,E Asian,unspecified
SEVENTEEN - Kim Mingyu | Mingyu,Kim Mingyu | Mingyu,SEVENTEEN,2024,2024,1,M,E Asian,unspecified
SK8 the Infinity | SK∞ エスケーエイト - Hasegawa Langa,Hasegawa Langa,SK8 the Infinity | SK∞ エスケーエイト,2021,2021,1,M,E Asian (Multi),unspecified
SK8 the Infinity | SK∞ エスケーエイト - Kyan Reki,Kyan Reki,SK8 the Infinity | SK∞ エスケーエイト,2021,2021,1,M,E Asian,unspecified
SK8 the Infinity | SK∞ エスケーエイト - Nanjo Kojiro | Joe,Nanjo Kojiro | Joe,SK8 the Infinity | SK∞ エスケーエイト,2021,2022,2,M,E Asian,str8
SK8 the Infinity | SK∞ エスケーエイト - Sakurayashiki Kaoru | Cherry Blossom,Sakurayashiki Kaoru | Cherry Blossom,SK8 the Infinity | SK∞ エスケーエイト,2021,2022,2,M,E Asian,unspecified
SKAM - Even Bech Næsheim,Even Bech Næsheim,SKAM,2017,2019,2,M,White,bi
SKAM - Isak Valtersen,Isak Valtersen,SKAM,2017,2019,2,M,White,gay
SLAM DUNK | スラムダンク - Mitsui Hisashi,Mitsui Hisashi,SLAM DUNK | スラムダンク,2024,2024,1,M,E Asian,unspecified
SLAM DUNK | スラムダンク - Miyagi Ryota,Miyagi Ryota,SLAM DUNK | スラムダンク,2024,2024,1,M,E Asian,str8
Sanders Sides - Logan Sanders | Logic,Logan Sanders | Logic,Sanders Sides,2020,2020,1,M,White,gay
Sanders Sides - Patton Sanders | Morality,Patton Sanders | Morality,Sanders Sides,2020,2020,1,M,White,gay
Sanders Sides - Roman 'Princey' Sanders | Creativity,Roman 'Princey' Sanders | Creativity,Sanders Sides,2019,2020,2,M,White,gay
Sanders Sides - Virgil Sanders | Anxiety,Virgil Sanders | Anxiety,Sanders Sides,2019,2020,2,M,White,gay
Schitt's Creek - David Rose,David Rose,Schitt's Creek,2020,2021,2,M,White,bi
Schitt's Creek - Patrick Brewer,Patrick Brewer,Schitt's Creek,2020,2021,2,M,White,gay
Seraph of the End | 終わりのセラフ - Hyakuya Mikaela,Hyakuya Mikaela,Seraph of the End | 終わりのセラフ,2016,2016,1,M,E Asian,unspecified
Seraph of the End | 終わりのセラフ - Hyakuya Yuuichirou,Hyakuya Yuuichirou,Seraph of the End | 終わりのセラフ,2016,2016,1,M,E Asian,unspecified
Shadow and Bone Universe - Aleksander Morozova | The Darkling,Aleksander Morozova | The Darkling,Shadow and Bone Universe,2022,2022,1,M,White,str8
Shadow and Bone Universe - Alina Starkov,Alina Starkov,Shadow and Bone Universe,2022,2022,1,F,E Asian (Multi),str8
Shadow and Bone Universe - Jesper Fahey,Jesper Fahey,Shadow and Bone Universe,2023,2023,1,M,Black,bi
Shadow and Bone Universe - Wylan Van Eck,Wylan Van Eck,Shadow and Bone Universe,2023,2023,1,M,White,gay
Shameless - Ian Gallagher,Ian Gallagher,Shameless,2013,2024,11,M,White,gay
Shameless - Mickey Milkovich,Mickey Milkovich,Shameless,2013,2024,11,M,White,gay
She-Ra and the Princesses of Power - Adora,Adora,She-Ra and the Princesses of Power,2019,2024,6,F,White,gay
She-Ra and the Princesses of Power - Catra,Catra,She-Ra and the Princesses of Power,2019,2024,6,F,Latin,gay
She-Ra and the Princesses of Power - Glimmer,Glimmer,She-Ra and the Princesses of Power,2020,2022,3,F,E Asian (Multi),bi
She-Ra and the Princesses of Power - Perfuma,Perfuma,She-Ra and the Princesses of Power,2021,2022,2,F,Latin,gay
She-Ra and the Princesses of Power - Scorpia,Scorpia,She-Ra and the Princesses of Power,2021,2022,2,F,Asian (Multi),gay
Sherlock - Clara,Clara,Sherlock,2015,2015,1,F,Unknown,gay
Sherlock - Greg Lestrade,Greg Lestrade,Sherlock,2013,2024,11,M,White,str8
Sherlock - Harriet 'Harry' Watson,Harriet 'Harry' Watson,Sherlock,2015,2015,1,F,Unknown,gay
Sherlock - Irene Adler,Irene Adler,Sherlock,2014,2017,4,F,White,bi
Sherlock - James 'Jim' Moriarty,James 'Jim' Moriarty,Sherlock,2013,2017,5,M,White,unspecified
Sherlock - John Watson,John Watson,Sherlock,2013,2024,11,M,White,str8
Sherlock - Mary Morstan,Mary Morstan,Sherlock,2013,2019,6,F,White,str8
Sherlock - Molly Hooper,Molly Hooper,Sherlock,2014,2022,8,F,White,str8
Sherlock - Mycroft Holmes,Mycroft Holmes,Sherlock,2013,2024,11,M,White,unspecified
Sherlock - Sebastian Moran,Sebastian Moran,Sherlock,2013,2017,5,M,White,unspecified
Sherlock - Sherlock Holmes,Sherlock Holmes,Sherlock,2013,2024,11,M,White,str8
Skins - Emily Fitch,Emily Fitch,Skins,2015,2015,1,F,White,gay
Skins - Naomi Campbell,Naomi Campbell,Skins,2015,2015,1,F,White,gay
South Park - Craig Tucker,Craig Tucker,South Park,2019,2023,2,M,White,gay
South Park - Kyle Broflovski,Kyle Broflovski,South Park,2023,2023,1,M,White,str8
South Park - Stan Marsh,Stan Marsh,South Park,2023,2023,1,M,White,str8
South Park - Tweek Tweak,Tweek Tweak,South Park,2019,2023,2,M,White,gay
Spartacus - Agron,Agron,Spartacus,2013,2013,1,M,White,gay
Spartacus - Nasir,Nasir,Spartacus,2013,2013,1,M,MENA,gay
Star Trek - James T. Kirk,James T. Kirk,Star Trek,2013,2024,11,M,White,str8
Star Trek - Kathryn Janeway,Kathryn Janeway,Star Trek,2019,2024,6,F,White,str8
Star Trek - Leonard 'Bones' McCoy,Leonard 'Bones' McCoy,Star Trek,2013,2021,8,M,White,str8
Star Trek - Nyota Uhura,Nyota Uhura,Star Trek,2013,2014,2,F,Black,str8
Star Trek - Seven of Nine,Seven of Nine,Star Trek,2019,2024,6,F,White,bi
Star Trek - Spock,Spock,Star Trek,2013,2024,11,M,White,str8
Star Wars Universe - Anakin Skywalker | Darth Vader,Anakin Skywalker | Darth Vader,Star Wars Universe,2020,2023,4,M,White,str8
Star Wars Universe - Armitage Hux,Armitage Hux,Star Wars Universe,2016,2024,8,M,White,unspecified
Star Wars Universe - Baze Malbus,Baze Malbus,Star Wars Universe,2017,2017,1,M,E Asian,unspecified
Star Wars Universe - Ben Solo | Kylo Ren,Ben Solo | Kylo Ren,Star Wars Universe,2016,2024,8,M,White,str8
Star Wars Universe - Cassian Andor,Cassian Andor,Star Wars Universe,2017,2017,1,M,Latin (Multi),str8
Star Wars Universe - Chirrut Îmwe,Chirrut Îmwe,Star Wars Universe,2017,2017,1,M,E Asian,unspecified
Star Wars Universe - Finn,Finn,Star Wars Universe,2016,2021,5,M,Black,str8
Star Wars Universe - Han Solo,Han Solo,Star Wars Universe,2016,2016,1,M,White,str8
Star Wars Universe - Jessika Pava,Jessika Pava,Star Wars Universe,2016,2016,1,F,SE Asian (Multi),unspecified
Star Wars Universe - Jyn Erso,Jyn Erso,Star Wars Universe,2017,2017,1,F,White,str8
Star Wars Universe - Leia Organa,Leia Organa,Star Wars Universe,2016,2016,1,F,White,str8
Star Wars Universe - Obi-Wan Kenobi,Obi-Wan Kenobi,Star Wars Universe,2021,2023,3,M,White,str8
Star Wars Universe - Padmé Amidala,Padmé Amidala,Star Wars Universe,2020,2021,2,F,White,str8
Star Wars Universe - Poe Dameron,Poe Dameron,Star Wars Universe,2016,2021,5,M,Latin,unspecified
Star Wars Universe - Rey,Rey,Star Wars Universe,2016,2024,8,F,White,str8
Stargate - Daniel Jackson,Daniel Jackson,Stargate,2013,2016,4,M,White,str8
Stargate - Jack O'Neill,Jack O'Neill,Stargate,2013,2016,4,M,White,str8
Stargate - Janet Fraiser,Janet Fraiser,Stargate,2014,2017,4,F,White,str8
Stargate - John Sheppard,John Sheppard,Stargate,2013,2024,11,M,White,str8
Stargate - Rodney McKay,Rodney McKay,Stargate,2013,2024,11,M,White,str8
Stargate - Sam Carter,Sam Carter,Stargate,2013,2017,5,F,White,str8
Steven Universe - Amethyst,Amethyst,Steven Universe,2016,2021,5,F | Other,N.H.,unspecified
Steven Universe - Garnet,Garnet,Steven Universe,2016,2017,2,F | Other,N.H.,unspecified
Steven Universe - Jasper,Jasper,Steven Universe,2016,2016,1,F | Other,N.H.,unspecified
Steven Universe - Lapis Lazuli,Lapis Lazuli,Steven Universe,2016,2024,8,F | Other,N.H.,unspecified
Steven Universe - Pearl,Pearl,Steven Universe,2016,2022,6,F | Other,N.H.,gay
Steven Universe - Peridot,Peridot,Steven Universe,2016,2024,8,F | Other,N.H.,acearo
Steven Universe - Rose Quartz | Pink Diamond,Rose Quartz | Pink Diamond,Steven Universe,2016,2022,6,F | Other,N.H.,bi
Steven Universe - Ruby,Ruby,Steven Universe,2016,2024,8,F | Other,N.H.,gay
Steven Universe - Sapphire,Sapphire,Steven Universe,2016,2024,8,F | Other,N.H.,gay
Stranger Things - Billy Hargrove,Billy Hargrove,Stranger Things,2019,2020,2,M,White,str8
Stranger Things - Chrissy Cunningham,Chrissy Cunningham,Stranger Things,2023,2023,1,F,White,str8
Stranger Things - Eddie Munson,Eddie Munson,Stranger Things,2022,2024,3,M,White,str8
Stranger Things - Jane Hopper | Eleven,Jane Hopper | Eleven,Stranger Things,2019,2024,4,F,White,str8
Stranger Things - Jim 'Chief' Hopper,Jim 'Chief' Hopper,Stranger Things,2023,2023,1,M,White,str8
Stranger Things - Joyce Byers,Joyce Byers,Stranger Things,2023,2023,1,F,White,str8
Stranger Things - Lucas Sinclair,Lucas Sinclair,Stranger Things,2023,2023,1,M,Black,str8
Stranger Things - Maxine 'Max' Mayfield,Maxine 'Max' Mayfield,Stranger Things,2022,2024,3,F,White,str8
Stranger Things - Mike Wheeler,Mike Wheeler,Stranger Things,2019,2023,3,M,White,str8
Stranger Things - Nancy Wheeler,Nancy Wheeler,Stranger Things,2022,2024,3,F,White,str8
Stranger Things - Robin Buckley,Robin Buckley,Stranger Things,2022,2024,3,F,White,gay
Stranger Things - Steve Harrington,Steve Harrington,Stranger Things,2019,2024,5,M,White,str8
Stranger Things - Will Byers,Will Byers,Stranger Things,2022,2023,2,M,White,gay
Stranger Things - Y/N | Reader,Y/N | Reader,Stranger Things,2022,2023,2,Ambig,Ambig,unspecified
Stray Kids - Felix Lee | Felix,Felix Lee | Felix,Stray Kids,2023,2024,2,M,E Asian,unspecified
Stray Kids - Han Jisung | Han,Han Jisung | Han,Stray Kids,2020,2024,5,M,E Asian,unspecified
Stray Kids - Hwang Hyunjin | Hyunjin,Hwang Hyunjin | Hyunjin,Stray Kids,2023,2024,2,M,E Asian,unspecified
Stray Kids - Lee Minho | Lee Know,Lee Minho | Lee Know,Stray Kids,2020,2024,5,M,E Asian,unspecified
Suits - Harvey Specter,Harvey Specter,Suits,2013,2014,2,M,White,str8
Suits - Mike Ross,Mike Ross,Suits,2013,2014,2,M,White,str8
Super-Vocal | 声入人心 - Ayanga,Ayanga,Super-Vocal | 声入人心,2019,2020,2,M,E Asian,unspecified
Super-Vocal | 声入人心 - Zhèng Yúnlóng,Zhèng Yúnlóng,Super-Vocal | 声入人心,2019,2020,2,M,E Asian,unspecified
Supernatural - Anna Milton,Anna Milton,Supernatural,2014,2015,2,F,White,str8
Supernatural - Castiel,Castiel,Supernatural,2013,2024,11,M,White,bi
Supernatural - Charlie Bradbury,Charlie Bradbury,Supernatural,2015,2020,5,F,White,gay
Supernatural - Dean Winchester,Dean Winchester,Supernatural,2013,2024,11,M,White,str8
Supernatural - Dorothy Baum,Dorothy Baum,Supernatural,2015,2019,4,F,White,unspecified
Supernatural - Gabriel,Gabriel,Supernatural,2013,2024,11,M,White,str8
Supernatural - Gilda,Gilda,Supernatural,2015,2015,1,F,Latin (Multi),gay
Supernatural - Jared Padalecki,Jared Padalecki,Supernatural,2013,2024,11,M,White,str8
Supernatural - Jensen Ackles,Jensen Ackles,Supernatural,2013,2024,11,M,White,str8
Supernatural - Jessica Moore,Jessica Moore,Supernatural,2013,2017,5,F,White,str8
Supernatural - Jo Harvelle,Jo Harvelle,Supernatural,2015,2020,5,F,White,str8
Supernatural - Lucifer,Lucifer,Supernatural,2013,2014,2,M,White,str8
Supernatural - Ruby,Ruby,Supernatural,2014,2015,2,F,White,str8
Supernatural - Sam Winchester,Sam Winchester,Supernatural,2013,2024,11,M,White,str8
Supernatural - Y/N | Reader,Y/N | Reader,Supernatural,2016,2023,6,Ambig,Ambig,unspecified
TOMORROW X TOGETHER / TXT - Choi Soobin | Soobin,Choi Soobin | Soobin,TOMORROW X TOGETHER / TXT,2023,2023,1,M,E Asian,unspecified
TOMORROW X TOGETHER / TXT - Choi Yeonjun | Yeonjun,Choi Yeonjun | Yeonjun,TOMORROW X TOGETHER / TXT,2023,2023,1,M,E Asian,unspecified
Teen Wolf - Allison Argent,Allison Argent,Teen Wolf,2013,2024,11,F,White,str8
Teen Wolf - Cora Hale,Cora Hale,Teen Wolf,2014,2017,4,F,White,unspecified
Teen Wolf - Derek Hale,Derek Hale,Teen Wolf,2013,2024,11,M,White,str8
Teen Wolf - Erica Reyes,Erica Reyes,Teen Wolf,2013,2016,4,F,White,str8
Teen Wolf - Isaac Lahey,Isaac Lahey,Teen Wolf,2013,2015,3,M,White,str8
Teen Wolf - Jackson Whittemore,Jackson Whittemore,Teen Wolf,2013,2016,4,M,White,bi
Teen Wolf - Kira Yukimura,Kira Yukimura,Teen Wolf,2015,2021,6,F,E Asian,str8
Teen Wolf - Liam Dunbar,Liam Dunbar,Teen Wolf,2019,2019,1,M,White,str8
Teen Wolf - Lydia Martin,Lydia Martin,Teen Wolf,2013,2024,11,F,White,str8
Teen Wolf - Malia Tate,Malia Tate,Teen Wolf,2015,2021,6,F,White,str8
Teen Wolf - Peter Hale,Peter Hale,Teen Wolf,2014,2022,8,M,White,str8
Teen Wolf - Scott McCall,Scott McCall,Teen Wolf,2013,2020,7,M,Latin (Multi),str8
Teen Wolf - Stiles Stilinski,Stiles Stilinski,Teen Wolf,2013,2024,11,M,White,str8
Teen Wolf - Theo Raeken,Theo Raeken,Teen Wolf,2019,2019,1,M,Am Ind,str8
Teen Wolf - Vernon Boyd,Vernon Boyd,Teen Wolf,2013,2016,4,M,Black,unspecified
Teenage Mutant Ninja Turtles - Donatello,Donatello,Teenage Mutant Ninja Turtles,2023,2024,2,M,N.H.,unspecified
Teenage Mutant Ninja Turtles - Leonardo,Leonardo,Teenage Mutant Ninja Turtles,2023,2024,2,M,N.H.,unspecified
Teenage Mutant Ninja Turtles - Michelangelo,Michelangelo,Teenage Mutant Ninja Turtles,2023,2024,2,M,N.H.,unspecified
Teenage Mutant Ninja Turtles - Raphael,Raphael,Teenage Mutant Ninja Turtles,2023,2024,2,M,N.H.,unspecified
The 100 - Alicia Clark,Alicia Clark,The 100,2016,2016,1,F,White,str8
The 100 - Anya,Anya,The 100,2016,2023,7,F,S Asian (Multi),unspecified
The 100 - Bellamy Blake,Bellamy Blake,The 100,2015,2024,9,M,SE Asian (Multi),str8
The 100 - Clarke Griffin,Clarke Griffin,The 100,2015,2024,9,F,White,bi
The 100 - Costia,Costia,The 100,2016,2017,2,F,Unknown,gay
The 100 - Elyza Lex,Elyza Lex,The 100,2016,2016,1,F,White,queer_unspecified
The 100 - Lexa,Lexa,The 100,2015,2024,9,F,White,gay
The 100 - Lincoln,Lincoln,The 100,2016,2016,1,M,Black (Multi),str8
The 100 - Octavia Blake,Octavia Blake,The 100,2016,2019,3,F,SE Eu,bi
The 100 - Raven Reyes,Raven Reyes,The 100,2015,2023,8,F,Latin (Multi),str8
The Closer - Brenda Leigh Johnson,Brenda Leigh Johnson,The Closer,2015,2016,2,F,White,str8
The Closer - Sharon Raydor,Sharon Raydor,The Closer,2015,2016,2,F,White,str8
The Devil Wears Prada - Andrea Sachs,Andrea Sachs,The Devil Wears Prada,2014,2024,10,F,White,str8
The Devil Wears Prada - Miranda Priestly,Miranda Priestly,The Devil Wears Prada,2014,2024,10,F,White,str8
The Good Wife - Alicia Florrick,Alicia Florrick,The Good Wife,2014,2016,3,F,White,str8
The Good Wife - Kalinda Sharma,Kalinda Sharma,The Good Wife,2014,2016,3,F,S Asian,bi
The Haunting of Bly Manor - Dani Clayton,Dani Clayton,The Haunting of Bly Manor,2021,2024,4,F,White,gay
The Haunting of Bly Manor - Jamie Taylor,Jamie Taylor,The Haunting of Bly Manor,2021,2024,4,F,White,gay
The Last of Us - Dina,Dina,The Last of Us,2021,2024,4,F,White,bi
The Last of Us - Ellie,Ellie,The Last of Us,2021,2024,4,F,White,gay
The Last of Us - Joel,Joel,The Last of Us,2023,2023,1,M,Ambig,str8
The Legend of Zelda - Link,Link,The Legend of Zelda,2024,2024,1,F,White,str8
The Legend of Zelda - Zelda,Zelda,The Legend of Zelda,2024,2024,1,M,White,str8
The Locked Tomb / Gideon the Ninth - Gideon Nav,Gideon Nav,The Locked Tomb / Gideon the Ninth,2022,2024,3,F,Māori Ind (Multi),gay
The Locked Tomb / Gideon the Ninth - Harrowhark Nonagesimus,Harrowhark Nonagesimus,The Locked Tomb / Gideon the Ninth,2022,2024,3,F,Māori Ind (Multi),unspecified
The Magnus Archives - Jonathan 'Jon' Sims | The Archivist,Jonathan 'Jon' Sims | The Archivist,The Magnus Archives,2020,2021,2,M,Ambig,bi
The Magnus Archives - Martin Blackwood,Martin Blackwood,The Magnus Archives,2020,2021,2,M,Ambig,gay
The Man From U.N.C.L.E. - Illya Kuryakin,Illya Kuryakin,The Man From U.N.C.L.E.,2016,2016,1,M,White,unspecified
The Man From U.N.C.L.E. - Napoleon Solo,Napoleon Solo,The Man From U.N.C.L.E.,2016,2016,1,M,White,unspecified
The Old Guard - Andromache 'Andy' of Scythia,Andromache 'Andy' of Scythia,The Old Guard,2021,2023,3,F,White,bi
The Old Guard - Nicolò 'Nicky' di Genova,Nicolò 'Nicky' di Genova,The Old Guard,2021,2021,1,M,White,gay
The Old Guard - Quỳnh/Noriko,Quỳnh/Noriko,The Old Guard,2021,2023,3,F,SE Asian,gay
The Old Guard - Yusuf 'Joe' Al-Kaysani,Yusuf 'Joe' Al-Kaysani,The Old Guard,2021,2021,1,M,MENA,gay
The Owl House - Amity Blight,Amity Blight,The Owl House,2021,2024,4,F,White,gay
The Owl House - Eda Clawthorne,Eda Clawthorne,The Owl House,2022,2023,2,F,White,bi
The Owl House - Hunter | The Golden Guard,Hunter | The Golden Guard,The Owl House,2023,2023,1,M,White,bi
The Owl House - Luz Noceda,Luz Noceda,The Owl House,2021,2024,4,F,Af Lat,bi
The Owl House - Raine Whispers,Raine Whispers,The Owl House,2022,2023,2,Other,Ambig,woman_attracted
The Owl House - Willow Park,Willow Park,The Owl House,2023,2023,1,F,E Asian,bi
The Professionals - Ray Doyle,Ray Doyle,The Professionals,2013,2014,2,M,White,str8
The Professionals - William Bodie,William Bodie,The Professionals,2013,2014,2,M,White,str8
The Rookie - Lucy Chen,Lucy Chen,The Rookie,2023,2024,2,F,E Asian (Multi),str8
The Rookie - Tim Bradford,Tim Bradford,The Rookie,2023,2024,2,M,White,str8
The Sandman - Dream of the Endless,Dream of the Endless,The Sandman,2023,2023,1,M | Other,White,str8
The Sandman - Hob Gadling,Hob Gadling,The Sandman,2023,2023,1,M,White,str8
The Sentinel - Blair Sandburg,Blair Sandburg,The Sentinel,2013,2020,7,M,White,str8
The Sentinel - Jim Ellison,Jim Ellison,The Sentinel,2013,2020,7,M,White,str8
The Walking Dead - Daryl Dixon,Daryl Dixon,The Walking Dead,2016,2016,1,M,White,str8
The Walking Dead - Rick Grimes,Rick Grimes,The Walking Dead,2016,2016,1,M,White,str8
The Wilds - Shelby Goodkind,Shelby Goodkind,The Wilds,2022,2024,3,F,White,gay
The Wilds - Toni Shalifoe,Toni Shalifoe,The Wilds,2022,2024,3,F,Māori Ind,gay
The Witcher | Wiedźmin - Geralt of Rivia | The Witcher,Geralt of Rivia | The Witcher,The Witcher | Wiedźmin,2020,2024,5,M,White,str8
The Witcher | Wiedźmin - Jaskier | Dandelion,Jaskier | Dandelion,The Witcher | Wiedźmin,2020,2024,5,M,White,bi
The X-Files - Dana Scully,Dana Scully,The X-Files,2016,2024,8,F,White,str8
The X-Files - Fox Mulder,Fox Mulder,The X-Files,2016,2024,8,M,White,str8
Tokyo Ghoul | 東京喰種 - Ken Kaneki | Haise Sasaki,Ken Kaneki | Haise Sasaki,Tokyo Ghoul | 東京喰種,2017,2017,1,M,E Asian,str8
Tokyo Ghoul | 東京喰種 - Nagachika Hideyoshi,Nagachika Hideyoshi,Tokyo Ghoul | 東京喰種,2017,2017,1,M,E Asian,str8
Tokyo Revengers | 東京卍リベンジャーズ - Hanagaki 'Takemitchy' Takemichi,Hanagaki 'Takemitchy' Takemichi,Tokyo Revengers | 東京卍リベンジャーズ,2022,2022,1,M,E Asian,str8
Tokyo Revengers | 東京卍リベンジャーズ - Sano 'Mikey' Manjirou,Sano 'Mikey' Manjirou,Tokyo Revengers | 東京卍リベンジャーズ,2022,2022,1,M,E Asian,unspecified
Top Gun - Bradley 'Rooster' Bradshaw,Bradley 'Rooster' Bradshaw,Top Gun,2023,2023,1,M,White,unspecified
Top Gun - Jake 'Hangman' Seresin,Jake 'Hangman' Seresin,Top Gun,2023,2023,1,M,White,unspecified
Top Gun - Pete 'Maverick' Mitchell,Pete 'Maverick' Mitchell,Top Gun,2023,2023,1,M,White,unspecified
Top Gun - Tom 'Iceman' Kazansky,Tom 'Iceman' Kazansky,Top Gun,2023,2023,1,M,White,str8
Trigun Universe | トライガン - Nicholas D. Wolfwood,Nicholas D. Wolfwood,Trigun Universe | トライガン,2023,2024,2,M,Ambig,unspecified
Trigun Universe | トライガン - Vash the Stampede,Vash the Stampede,Trigun Universe | トライガン,2023,2024,2,M,Ambig,unspecified
Twenty One Pilots - Josh Dun,Josh Dun,Twenty One Pilots,2016,2020,4,M,White,str8
Twenty One Pilots - Tyler Joseph,Tyler Joseph,Twenty One Pilots,2016,2020,4,M,White (Multi),str8
Twilight - Bella Swan,Bella Swan,Twilight,2013,2013,1,F,White,str8
Twilight - Edward Cullen,Edward Cullen,Twilight,2013,2013,1,M,White,str8
Undertale - Alphys,Alphys,Undertale,2016,2024,8,F,N.H.,bi
Undertale - Sans,Sans,Undertale,2016,2017,2,M,Ambig,unspecified
Undertale - Undyne,Undyne,Undertale,2016,2024,8,F,N.H.,gay
Undertale - Y/N | Reader,Y/N | Reader,Undertale,2016,2017,2,Ambig,Ambig,unspecified
Vampire Diaries Universe - Hope Mikaelson,Hope Mikaelson,Vampire Diaries Universe,2020,2024,5,F,White,bi
Vampire Diaries Universe - Josie Saltzman,Josie Saltzman,Vampire Diaries Universe,2020,2024,5,F,White,bi
Vampire Diaries Universe - Penelope Park,Penelope Park,Vampire Diaries Universe,2020,2023,4,F,SE Asian (Multi),bi
Victorious - Jade West,Jade West,Victorious,2015,2016,2,F,White,str8
Victorious - Tori Vega,Tori Vega,Victorious,2015,2016,2,F,Latin (Multi),str8
Voltron - Adam,Adam,Voltron,2019,2019,1,M,Ambig,gay
Voltron - Allura,Allura,Voltron,2017,2017,1,F,Ambig,str8
Voltron - Keith,Keith,Voltron,2017,2024,7,M,Ambig,unspecified
Voltron - Lance,Lance,Voltron,2017,2024,7,M,Latin,str8
Voltron - Shiro,Shiro,Voltron,2017,2024,7,M,E Asian,gay
Warehouse 13 - Helena 'H. G.' Wells,Helena 'H. G.' Wells,Warehouse 13,2014,2024,10,F,White,bi
Warehouse 13 - Myka Bering,Myka Bering,Warehouse 13,2014,2024,10,F,White,bi
Warrior Nun - Ava Silva,Ava Silva,Warrior Nun,2023,2024,2,F,Latin,bi
Warrior Nun - Sister Beatrice,Sister Beatrice,Warrior Nun,2023,2024,2,F,E Asian (Multi),gay
Welcome to Night Vale - Carlos,Carlos,Welcome to Night Vale,2014,2017,4,M,Latin,gay
Welcome to Night Vale - Cecil Palmer,Cecil Palmer,Welcome to Night Vale,2014,2017,4,M,Ambig,gay
Wentworth - Erica Davidson,Erica Davidson,Wentworth,2015,2015,1,F,White,bi
Wentworth - Franky Doyle,Franky Doyle,Wentworth,2015,2015,1,F,Latin,gay
Women's Soccer - Alex Morgan,Alex Morgan,Women's Soccer,2014,2019,5,F,White,str8
Women's Soccer - Ali Krieger,Ali Krieger,Women's Soccer,2014,2021,7,F,White,gay
Women's Soccer - Ashlyn Harris,Ashlyn Harris,Women's Soccer,2014,2021,7,F,White,gay
Women's Soccer - Christen Press,Christen Press,Women's Soccer,2017,2024,7,F,Black (Multi),gay
Women's Soccer - Hope Solo,Hope Solo,Women's Soccer,2015,2017,3,F,White,str8
Women's Soccer - Kelley O'Hara,Kelley O'Hara,Women's Soccer,2015,2017,3,F,White,gay
Women's Soccer - Tobin Heath,Tobin Heath,Women's Soccer,2014,2024,10,F,White,gay
Wynonna Earp - Nicole Haught,Nicole Haught,Wynonna Earp,2016,2024,8,F,White,gay
Wynonna Earp - Waverly Earp,Waverly Earp,Wynonna Earp,2016,2024,8,F,White,bi
Xena - Gabrielle,Gabrielle,Xena,2014,2021,7,F,White,bi
Xena - Xena,Xena,Xena,2014,2021,7,F,White,bi
Young Royals - Simon Eriksson,Simon Eriksson,Young Royals,2023,2023,1,M,Latin (Multi),gay
Young Royals - Wilhelm,Wilhelm,Young Royals,2023,2023,1,M,White,bi
Youtube - Alexander | Technoblade,Alexander | Technoblade,Youtube,2021,2024,4,M,White,unspecified
Youtube - Alexis 'Alex' Maldonado | Quackity,Alexis 'Alex' Maldonado | Quackity,Youtube,2021,2022,2,M,Latin,unspecified
Youtube - Charles | Grian,Charles | Grian,Youtube,2023,2024,2,M,White,unspecified
Youtube - Clay | Dream,Clay | Dream,Youtube,2021,2024,4,M,White,str8
Youtube - Dan Howell | danisnotonfire,Dan Howell | danisnotonfire,Youtube,2015,2024,9,M,White,gay
Youtube - Darryl Noveschosch | BadBoyHalo,Darryl Noveschosch | BadBoyHalo,Youtube,2021,2021,1,M,White,unspecified
Youtube - Gavin Free,Gavin Free,Youtube,2014,2016,3,M,White,str8
Youtube - George Davidson | GeorgeNotFound,George Davidson | GeorgeNotFound,Youtube,2021,2024,4,M,White,unspecified
Youtube - Karl Jacobs,Karl Jacobs,Youtube,2021,2022,2,M,White,unspecified
"Youtube - Kristin Watson, née Rosales","Kristin Watson, née Rosales",Youtube,2022,2022,1,F,Latin,str8
Youtube - Mark Fischbach | Markiplier,Mark Fischbach | Markiplier,Youtube,2016,2017,2,M,E Asian (Multi),str8
Youtube - Michael Jones,Michael Jones,Youtube,2014,2016,3,M,White,str8
Youtube - Nicholas Armstrong | Sapnap,Nicholas Armstrong | Sapnap,Youtube,2021,2022,2,M,White,unspecified
Youtube - Phil Lester | AmazingPhil,Phil Lester | AmazingPhil,Youtube,2015,2024,9,M,White,gay
Youtube - Phil Watson | Philza,Phil Watson | Philza,Youtube,2021,2024,4,M,White,str8
Youtube - Rafael Lange Severino | Cellbit,Rafael Lange Severino | Cellbit,Youtube,2024,2024,1,M,Latin,unspecified
Youtube - Ranboo,Ranboo,Youtube,2021,2023,3,M | Other,White,gay
Youtube - Roier,Roier,Youtube,2024,2024,1,M,Latin,unspecified
Youtube - Ryan | GoodTimesWithScar,Ryan | GoodTimesWithScar,Youtube,2023,2024,2,M,White,unspecified
Youtube - Sean McLoughlin | Jacksepticeye,Sean McLoughlin | Jacksepticeye,Youtube,2016,2017,2,M,White,str8
Youtube - Thomas Michael Simons | TommyInnit,Thomas Michael Simons | TommyInnit,Youtube,2021,2024,4,M,White,str8
Youtube - Toby Smith | Tubbo,Toby Smith | Tubbo,Youtube,2021,2024,4,M,White,queer_unspecified
Youtube - William Patrick Spencer Gold | Wilbur Soot,William Patrick Spencer Gold | Wilbur Soot,Youtube,2021,2024,4,M,White,unspecified
Youtube - Zak Ahmed | Skeppy,Zak Ahmed | Skeppy,Youtube,2021,2021,1,M,MENA,unspecified
Yuri!!! on ICE | ユーリ!!! on ICE - Katsuki Yuuri,Katsuki Yuuri,Yuri!!! on ICE | ユーリ!!! on ICE,2017,2024,7,M,E Asian,bi
Yuri!!! on ICE | ユーリ!!! on ICE - Mila Babicheva,Mila Babicheva,Yuri!!! on ICE | ユーリ!!! on ICE,2017,2021,4,F,White,unspecified
Yuri!!! on ICE | ユーリ!!! on ICE - Otabek Altin,Otabek Altin,Yuri!!! on ICE | ユーリ!!! on ICE,2017,2020,3,M,Central As,unspecified
Yuri!!! on ICE | ユーリ!!! on ICE - Sara Crispino,Sara Crispino,Yuri!!! on ICE | ユーリ!!! on ICE,2017,2021,4,F,Latin,unspecified
Yuri!!! on ICE | ユーリ!!! on ICE - Victor Nikiforov,Victor Nikiforov,Yuri!!! on ICE | ユーリ!!! on ICE,2017,2024,7,M,White,gay
Yuri!!! on ICE | ユーリ!!! on ICE - Yuri Plisetsky,Yuri Plisetsky,Yuri!!! on ICE | ユーリ!!! on ICE,2017,2020,3,M,White,unspecified
ZEROBASEONE / ZB1 - Sung Hanbin | Hanbin,Sung Hanbin | Hanbin,ZEROBASEONE / ZB1,2024,2024,1,M,E Asian,unspecified
ZEROBASEONE / ZB1 - Zhang Hao,Zhang Hao,ZEROBASEONE / ZB1,2024,2024,1,M,E Asian,unspecified
