old_name,full_name,fandom,key
Luke Hemmings,Luke Hemmings,5 Seconds of Summer,5 Seconds of Summer - Luke Hemmings
Michael Clifford,Michael Clifford,5 Seconds of Summer,5 Seconds of Summer - Michael Clifford
Carlos Reyes,Carlos Reyes,9-1-1,9-1-1 - Carlos Reyes
Eddie Diaz (9-1-1 TV),Eddie Diaz,9-1-1,9-1-1 - Eddie Diaz
Evan 'Buck' Buckley,Evan 'Buck' Buckley,9-1-1,9-1-1 - Evan 'Buck' Buckley
TK Strand,TK Strand,9-1-1,9-1-1 - TK Strand
Aemond 'One-Eye' Targaryen,Aemond 'One-Eye' Targaryen,A Song of Ice and Fire / Game of Thrones Universe,A Song of Ice and Fire / Game of Thrones Universe - Aemond 'One-Eye' Targaryen
Alicent Hightower,Alicent Hightower,A Song of Ice and Fire / Game of Thrones Universe,A Song of Ice and Fire / Game of Thrones Universe - Alicent Hightower
Arya Stark,Arya Stark,A Song of Ice and Fire / Game of Thrones Universe,A Song of Ice and Fire / Game of Thrones Universe - Arya Stark
Brienne of Tarth,Brienne of Tarth,A Song of Ice and Fire / Game of Thrones Universe,A Song of Ice and Fire / Game of Thrones Universe - Brienne of Tarth
Daemon Targaryen,Daemon Targaryen,A Song of Ice and Fire / Game of Thrones Universe,A Song of Ice and Fire / Game of Thrones Universe - Daemon Targaryen
Daenerys Targaryen,Daenerys Targaryen | Khaleesi,A Song of Ice and Fire / Game of Thrones Universe,A Song of Ice and Fire / Game of Thrones Universe - Daenerys Targaryen | Khaleesi
Gendry Waters,Gendry Waters,A Song of Ice and Fire / Game of Thrones Universe,A Song of Ice and Fire / Game of Thrones Universe - Gendry Waters
Jaime Lannister,Jaime Lannister,A Song of Ice and Fire / Game of Thrones Universe,A Song of Ice and Fire / Game of Thrones Universe - Jaime Lannister
Jon Snow,Jon Snow,A Song of Ice and Fire / Game of Thrones Universe,A Song of Ice and Fire / Game of Thrones Universe - Jon Snow
Lucerys Velaryon (Son of Rhaenyra),Lucerys 'Luke' Velaryon,A Song of Ice and Fire / Game of Thrones Universe,A Song of Ice and Fire / Game of Thrones Universe - Lucerys 'Luke' Velaryon
Margaery Tyrell,Margaery Tyrell,A Song of Ice and Fire / Game of Thrones Universe,A Song of Ice and Fire / Game of Thrones Universe - Margaery Tyrell
Rhaenyra Targaryen,Rhaenyra Targaryen,A Song of Ice and Fire / Game of Thrones Universe,A Song of Ice and Fire / Game of Thrones Universe - Rhaenyra Targaryen
Sandor Clegane,Sandor Clegane | The Hound,A Song of Ice and Fire / Game of Thrones Universe,A Song of Ice and Fire / Game of Thrones Universe - Sandor Clegane | The Hound
Sansa Stark,Sansa Stark,A Song of Ice and Fire / Game of Thrones Universe,A Song of Ice and Fire / Game of Thrones Universe - Sansa Stark
Adam Lambert,Adam Lambert,Adam Lambert,Adam Lambert - Adam Lambert
Kris Allen,Kris Allen,Adam Lambert,Adam Lambert - Kris Allen
Sauli Koskinen,Sauli Koskinen,Adam Lambert,Adam Lambert - Sauli Koskinen
Tommy Ratliff,Tommy Ratliff,Adam Lambert,Adam Lambert - Tommy Ratliff
Enid Sinclair,Enid Sinclair,Addam's Family Universe,Addam's Family Universe - Enid Sinclair
Wednesday Addams,Wednesday Addams,Addam's Family Universe,Addam's Family Universe - Wednesday Addams
Marceline,Marceline,Adventure Time,Adventure Time - Marceline
Princess Bubblegum,Princess Bubblegum,Adventure Time,Adventure Time - Princess Bubblegum
Andrew Minyard,Andrew Minyard,All For The Game,All For The Game - Andrew Minyard
Neil Josten,Neil Josten,All For The Game,All For The Game - Neil Josten
Cordelia Foxx | Cordelia Goode,Cordelia Foxx/Goode | The Supreme,American Horror Story,American Horror Story - Cordelia Foxx/Goode | The Supreme
Misty Day,Misty Day,American Horror Story,American Horror Story - Misty Day
Anne Boonchuy,Anne Boonchuy,Amphibia,Amphibia - Anne Boonchuy
Marcy Wu,Marcy Wu,Amphibia,Amphibia - Marcy Wu
Sasha Waybright,Sasha Waybright,Amphibia,Amphibia - Sasha Waybright
Caitlyn,Caitlyn,Arcane,Arcane - Caitlyn
Jayce,Jayce,Arcane,Arcane - Jayce
Vi (League of Legends),Vi,Arcane,Arcane - Vi
Viktor (League of Legends),Viktor,Arcane,Arcane - Viktor
Annie Leonhart,Annie Leonhart,Attack on Titan | 進撃の巨人,Attack on Titan | 進撃の巨人 - Annie Leonhart
Eren Yeager,Eren Yeager,Attack on Titan | 進撃の巨人,Attack on Titan | 進撃の巨人 - Eren Yeager
Erwin Smith,Erwin Smith,Attack on Titan | 進撃の巨人,Attack on Titan | 進撃の巨人 - Erwin Smith
Krista Lenz | Historia Reiss,Historia Reiss | Krista Lenz,Attack on Titan | 進撃の巨人,Attack on Titan | 進撃の巨人 - Historia Reiss | Krista Lenz
Jean Kirstein,Jean Kirstein,Attack on Titan | 進撃の巨人,Attack on Titan | 進撃の巨人 - Jean Kirstein
Levi,Levi Ackerman,Attack on Titan | 進撃の巨人,Attack on Titan | 進撃の巨人 - Levi Ackerman
Levi Ackerman,Levi Ackerman,Attack on Titan | 進撃の巨人,Attack on Titan | 進撃の巨人 - Levi Ackerman
Marco Bott,Marco Bott,Attack on Titan | 進撃の巨人,Attack on Titan | 進撃の巨人 - Marco Bott
Mikasa Ackerman,Mikasa Ackerman,Attack on Titan | 進撃の巨人,Attack on Titan | 進撃の巨人 - Mikasa Ackerman
Ymir,Ymir of the 104th,Attack on Titan | 進撃の巨人,Attack on Titan | 進撃の巨人 - Ymir of the 104th
Ymir of the 104th,Ymir of the 104th,Attack on Titan | 進撃の巨人,Attack on Titan | 進撃の巨人 - Ymir of the 104th
Asami Sato,Asami Sato,Avatar: The last Airbender Universe,Avatar: The last Airbender Universe - Asami Sato
Azula,Azula,Avatar: The last Airbender Universe,Avatar: The last Airbender Universe - Azula
Katara,Katara,Avatar: The last Airbender Universe,Avatar: The last Airbender Universe - Katara
Korra,Korra,Avatar: The last Airbender Universe,Avatar: The last Airbender Universe - Korra
Kya II,Kya II,Avatar: The last Airbender Universe,Avatar: The last Airbender Universe - Kya II
Lin Beifong,Lin Beifong,Avatar: The last Airbender Universe,Avatar: The last Airbender Universe - Lin Beifong
Sokka,Sokka,Avatar: The last Airbender Universe,Avatar: The last Airbender Universe - Sokka
Ty Lee (Avatar),Ty Lee,Avatar: The last Airbender Universe,Avatar: The last Airbender Universe - Ty Lee
Zuko (Avatar),Zuko,Avatar: The last Airbender Universe,Avatar: The last Airbender Universe - Zuko
Mikage Reo,Mikage Reo,BLUELOCK | ブルーロック,BLUELOCK | ブルーロック - Mikage Reo
Nagi Seishirou,Nagi Seishirou,BLUELOCK | ブルーロック,BLUELOCK | ブルーロック - Nagi Seishirou
Jeon Jungkook,Jeon Jungkook | Jungkook,Bangtan Boys / BTS,Bangtan Boys / BTS - Jeon Jungkook | Jungkook
Jung Hoseok | J-Hope,Jung Hoseok | J-Hope,Bangtan Boys / BTS,Bangtan Boys / BTS - Jung Hoseok | J-Hope
Kim Namjoon | RM,Kim Namjoon | Rap Monster/RM,Bangtan Boys / BTS,Bangtan Boys / BTS - Kim Namjoon | Rap Monster/RM
Kim Namjoon | Rap Monster,Kim Namjoon | Rap Monster/RM,Bangtan Boys / BTS,Bangtan Boys / BTS - Kim Namjoon | Rap Monster/RM
Kim Seokjin | Jin,Kim Seokjin | Jin,Bangtan Boys / BTS,Bangtan Boys / BTS - Kim Seokjin | Jin
Kim Taehyung | V,Kim Taehyung | V,Bangtan Boys / BTS,Bangtan Boys / BTS - Kim Taehyung | V
Min Yoongi | Suga,Min Yoongi | Suga,Bangtan Boys / BTS,Bangtan Boys / BTS - Min Yoongi | Suga
Park Jimin,Park Jimin | Jimin,Bangtan Boys / BTS,Bangtan Boys / BTS - Park Jimin | Jimin
Kara Thrace,Kara Thrace,Battlestar Galactica,Battlestar Galactica - Kara Thrace
Laura Roslin,Laura Roslin,Battlestar Galactica,Battlestar Galactica - Laura Roslin
Lee Adama,Lee 'Apollo' Adama,Battlestar Galactica,Battlestar Galactica - Lee 'Apollo' Adama
William Adama,William Adama,Battlestar Galactica,Battlestar Galactica - William Adama
Jeremy Heere,Jeremy Heere,Be More Chill,Be More Chill - Jeremy Heere
Michael Mell,Michael Mell,Be More Chill,Be More Chill - Michael Mell
Anthony Bridgerton,Anthony Bridgerton,Bridgerton,Bridgerton - Anthony Bridgerton
Kate Sheffield | Kate Sharma,`Kate Bridgerton, née Sheffield/Sharma`,Bridgerton,`Bridgerton - Kate Bridgerton, née Sheffield/Sharma`
Angel,Angel,Buffy Universe,Buffy Universe - Angel
Buffy Summers,Buffy Summers,Buffy Universe,Buffy Universe - Buffy Summers
Faith Lehane,Faith Lehane,Buffy Universe,Buffy Universe - Faith Lehane
Spike,Spike,Buffy Universe,Buffy Universe - Spike
Tara Maclay,Tara Maclay,Buffy Universe,Buffy Universe - Tara Maclay
Willow Rosenberg,Willow Rosenberg,Buffy Universe,Buffy Universe - Willow Rosenberg
Xander Harris,Xander Harris,Buffy Universe,Buffy Universe - Xander Harris
Akutagawa Ryuunosuke,Akutagawa Ryuunosuke,Bungou Stray Dogs | 文豪ストレイドッグス,Bungou Stray Dogs | 文豪ストレイドッグス - Akutagawa Ryuunosuke
Dazai Osamu,Dazai Osamu,Bungou Stray Dogs | 文豪ストレイドッグス,Bungou Stray Dogs | 文豪ストレイドッグス - Dazai Osamu
Nakahara Chuuya (Bungou Stray Dogs),Nakahara Chuuya,Bungou Stray Dogs | 文豪ストレイドッグス,Bungou Stray Dogs | 文豪ストレイドッグス - Nakahara Chuuya
Nakajima Atsushi (Bungou Stray Dogs),Nakajima Atsushi,Bungou Stray Dogs | 文豪ストレイドッグス,Bungou Stray Dogs | 文豪ストレイドッグス - Nakajima Atsushi
John 'Soap' MacTavish,John 'Soap' MacTavish,Call of Duty,Call of Duty - John 'Soap' MacTavish
Simon 'Ghost' Riley,Simon 'Ghost' Riley,Call of Duty,Call of Duty - Simon 'Ghost' Riley
Reader,Y/N | Reader,Call of Duty,Call of Duty - Y/N | Reader
Carmilla Karnstein,Carmilla Karnstein,Carmilla,Carmilla - Carmilla Karnstein
Danny Lawrence,Danny Lawrence,Carmilla,Carmilla - Danny Lawrence
Laura Hollis,Laura Hollis,Carmilla,Carmilla - Laura Hollis
Carol Aird,Carol Aird,Carol,Carol - Carol Aird
Therese Belivet,Therese Belivet,Carol,Carol - Therese Belivet
Simon Snow,Simon Snow,Carry On,Carry On - Simon Snow
Tyrannus Basilton 'Baz' Pitch,Tyrannus Basilton 'Baz' Grimm-Pitch,Carry On,Carry On - Tyrannus Basilton 'Baz' Grimm-Pitch
Kate Beckett,Kate Beckett,Castle,Castle - Kate Beckett
Richard Castle,Richard Castle,Castle,Castle - Richard Castle
Eric Bittle,Eric Bittle,Check Please!,Check Please! - Eric Bittle
Jack Zimmermann,Jack Zimmermann,Check Please!,Check Please! - Jack Zimmermann
Mary Wardwell | Madam Satan | Lilith,Mary Wardwell | Madam Satan / Lilith,Chilling Adventures of Sabrina,Chilling Adventures of Sabrina - Mary Wardwell | Madam Satan / Lilith
Zelda Spellman,Zelda Spellman,Chilling Adventures of Sabrina,Chilling Adventures of Sabrina - Zelda Spellman
Aaron Hotchner,Aaron Hotchner,Criminal Minds,Criminal Minds - Aaron Hotchner
Derek Morgan,Derek Morgan,Criminal Minds,Criminal Minds - Derek Morgan
Emily Prentiss,Emily Prentiss,Criminal Minds,Criminal Minds - Emily Prentiss
Jennifer 'JJ' Jareau,Jennifer 'JJ' Jareau,Criminal Minds,Criminal Minds - Jennifer 'JJ' Jareau
Spencer Reid,Spencer Reid,Criminal Minds,Criminal Minds - Spencer Reid
Beauregard,Beauregard Lionett,Critical Role,Critical Role - Beauregard Lionett
Beauregard Lionett,Beauregard Lionett,Critical Role,Critical Role - Beauregard Lionett
Jester Lavorre,Jester Lavorre,Critical Role,Critical Role - Jester Lavorre
Yasha,Yasha Nydoorin,Critical Role,Critical Role - Yasha Nydoorin
Yasha (Critical Role),Yasha Nydoorin,Critical Role,Critical Role - Yasha Nydoorin
Lex Luthor,Alexander Joseph 'Lex' Luthor,DC,DC - Alexander Joseph 'Lex' Luthor
Alex Danvers,Alexandra 'Alex' Danvers | Supergirl/Sentinel,DC,DC - Alexandra 'Alex' Danvers | Supergirl/Sentinel
Astra,Astra In-Ze,DC,DC - Astra In-Ze
Ava Sharpe,Ava Sharpe | Roundhouse,DC,DC - Ava Sharpe | Roundhouse
Barry Allen,Barry Allen | The Flash,DC,DC - Barry Allen | The Flash
Bruce Wayne,Bruce Wayne | Batman,DC,DC - Bruce Wayne | Batman
Cat Grant,Cat Grant,DC,DC - Cat Grant
Clark Kent,Clark Kent | Superman,DC,DC - Clark Kent | Superman
Kon-El,Connor 'Kon-El' Kent | Superboy,DC,DC - Connor 'Kon-El' Kent | Superboy
Edward Nygma,Edward Nygma | The Riddler,DC,DC - Edward Nygma | The Riddler
Felicity Smoak,Felicity Smoak,DC,DC - Felicity Smoak
Harleen Quinzel,Harleen Quinzel | Harley Quinn,DC,DC - Harleen Quinzel | Harley Quinn
Jason Todd,Jason Peter Todd | Robin/Red Hood,DC,DC - Jason Peter Todd | Robin/Red Hood
Kara Danvers,Kara Danvers/Zor-El | Supergirl,DC,DC - Kara Danvers/Zor-El | Supergirl
Kelly Olsen,Kelly Olsen | Guardian,DC,DC - Kelly Olsen | Guardian
Lena Luthor,Lena Luthor | Ultrawoman,DC,DC - Lena Luthor | Ultrawoman
Leonard Snart,Leonard Snart | Captain Cold,DC,DC - Leonard Snart | Captain Cold
Lois Lane,Lois Lane,DC,DC - Lois Lane
Maggie Sawyer,Maggie Sawyer,DC,DC - Maggie Sawyer
Dick Grayson,Nicholas 'Dick' Grayson | Robin/Nightwing,DC,DC - Nicholas 'Dick' Grayson | Robin/Nightwing
Nyssa al Ghul,Nyssa Raatko/al Ghul,DC,DC - Nyssa Raatko/al Ghul
Oliver Queen,Oliver Queen | Green Arrow,DC,DC - Oliver Queen | Green Arrow
Oswald Cobblepot,Oswald Cobblepot | The Penguin,DC,DC - Oswald Cobblepot | The Penguin
Pamela Isley,Pamela Isley | Poison Ivy,DC,DC - Pamela Isley | Poison Ivy
Samantha 'Sam' Arias,Samantha 'Sam' Arias | Reign,DC,DC - Samantha 'Sam' Arias | Reign
Sara Lance,Sara Lance | White Canary,DC,DC - Sara Lance | White Canary
Tim Drake,Tim Drake | Robin/Red Robin,DC,DC - Tim Drake | Robin/Red Robin
Hinata Hajime,Hinata Hajime,Dangan Ronpa,Dangan Ronpa - Hinata Hajime
Komaeda Nagito,Komaeda Nagito,Dangan Ronpa,Dangan Ronpa - Komaeda Nagito
Oma Kokichi,Oma Kokichi,Dangan Ronpa,Dangan Ronpa - Oma Kokichi
Saihara Shuichi,Saihara Shuichi,Dangan Ronpa,Dangan Ronpa - Saihara Shuichi
Evie,Evie,Descendants,Descendants - Evie
Mal (Disney),Mal,Descendants,Descendants - Mal
Connor,Connor (RK800),Detroit: Become Human,Detroit: Become Human - Connor (RK800)
Upgraded Connor | RK900,Connor (RK900),Detroit: Become Human,Detroit: Become Human - Connor (RK900)
Gavin Reed,Gavin Reed,Detroit: Become Human,Detroit: Become Human - Gavin Reed
Hank Anderson,Hank Anderson,Detroit: Become Human,Detroit: Become Human - Hank Anderson
Alex Kingston,Alex Kingston,Doctor Who,Doctor Who - Alex Kingston
Amy Pond,Amy Pond,Doctor Who,Doctor Who - Amy Pond
Clara Oswin Oswald,Clara Oswin Oswald,Doctor Who,Doctor Who - Clara Oswin Oswald
Jenny Flint,Jenny Flint,Doctor Who,Doctor Who - Jenny Flint
Madame Vastra,Madame Vastra,Doctor Who,Doctor Who - Madame Vastra
Matt Smith,Matt Smith,Doctor Who,Doctor Who - Matt Smith
River Song,River Song,Doctor Who,Doctor Who - River Song
Rory Williams,Rory Williams,Doctor Who,Doctor Who - Rory Williams
Rose Tyler,Rose Tyler,Doctor Who,Doctor Who - Rose Tyler
The Doctor,The Doctor,Doctor Who,Doctor Who - The Doctor
Eleventh Doctor,The Eleventh Doctor,Doctor Who,Doctor Who - The Eleventh Doctor
Ninth Doctor,The Ninth Doctor,Doctor Who,Doctor Who - The Ninth Doctor
Tenth Doctor,The Tenth Doctor,Doctor Who,Doctor Who - The Tenth Doctor
Tenth Doctor (duplicate),The Tenth Doctor,Doctor Who,Doctor Who - The Tenth Doctor
Thirteenth Doctor,The Thirteenth Doctor,Doctor Who,Doctor Who - The Thirteenth Doctor
Twelfth Doctor,The Twelfth Doctor,Doctor Who,Doctor Who - The Twelfth Doctor
Yasmin Khan,Yasmin Khan,Doctor Who,Doctor Who - Yasmin Khan
Brooke Lynn Hytes,Brooke Lynn Hytes,Drag,Drag - Brooke Lynn Hytes
Katya Zamolodchikova,Katya Zamolodchikova,Drag,Drag - Katya Zamolodchikova
Trixie Mattel,Trixie Mattel,Drag,Drag - Trixie Mattel
Vanessa Vanjie Mateo,Vanessa Vanjie Mateo,Drag,Drag - Vanessa Vanjie Mateo
Alistair,Alistair,Dragon Age,Dragon Age - Alistair
Cullen Rutherford,Cullen Rutherford,Dragon Age,Dragon Age - Cullen Rutherford
Dorian Pavus,Dorian Pavus,Dragon Age,Dragon Age - Dorian Pavus
Fenris,Fenris,Dragon Age,Dragon Age - Fenris
Female Hawke,Hawke (Female) | Player Character,Dragon Age,Dragon Age - Hawke (Female) | Player Character
Hawke,Hawke | Player Character,Dragon Age,Dragon Age - Hawke | Player Character
Female Inquisitor,Inquisitor (Female) | Player Character,Dragon Age,Dragon Age - Inquisitor (Female) | Player Character
Inquisitor,Inquisitor | Player Character,Dragon Age,Dragon Age - Inquisitor | Player Character
Iron Bull,Iron Bull,Dragon Age,Dragon Age - Iron Bull
Isabela,Isabela,Dragon Age,Dragon Age - Isabela
Josephine Montilyet,Josephine Montilyet,Dragon Age,Dragon Age - Josephine Montilyet
Leliana,Leliana,Dragon Age,Dragon Age - Leliana
Sera,Sera,Dragon Age,Dragon Age - Sera
Solas,Solas,Dragon Age,Dragon Age - Solas
Solas (Dragon Age),Solas,Dragon Age,Dragon Age - Solas
Female Warden,Warden (Female) | Player Character,Dragon Age,Dragon Age - Warden (Female) | Player Character
Female Warden (Dragon Age),Warden (Female) | Player Character,Dragon Age,Dragon Age - Warden (Female) | Player Character
Warden (Dragon Age),Warden | Player Character,Dragon Age,Dragon Age - Warden | Player Character
Benton Fraser,Benton Fraser,Due South,Due South - Benton Fraser
Ray Kowalski,Ray Kowalski,Due South,Due South - Ray Kowalski
Ray Vecchio,Ray Vecchio,Due South,Due South - Ray Vecchio
Byun Baekhyun,Byun Baekhyun | Baekhyun,EXO,EXO - Byun Baekhyun | Baekhyun
Do Kyungsoo | D.O,Do Kyungsoo | D.O,EXO,EXO - Do Kyungsoo | D.O
Kim Jongin | Kai,Kim Jongin | Kai,EXO,EXO - Kim Jongin | Kai
Park Chanyeol,Park Chanyeol | Chanyeol,EXO,EXO - Park Chanyeol | Chanyeol
Aaron Dingle,Aaron Dingle,Emmerdale,Emmerdale - Aaron Dingle
Charity Dingle,Charity Dingle,Emmerdale,Emmerdale - Charity Dingle
Robert Sugden,Robert Sugden,Emmerdale,Emmerdale - Robert Sugden
Vanessa Woodfield,Vanessa Woodfield,Emmerdale,Emmerdale - Vanessa Woodfield
Amy Raudenfeld,Amy Raudenfeld,Faking It,Faking It - Amy Raudenfeld
Karma Ashcroft,Karma Ashcroft,Faking It,Faking It - Karma Ashcroft
Patrick Stump,Patrick Stump,Fall Out Boy,Fall Out Boy - Patrick Stump
Pete Wentz,Pete Wentz,Fall Out Boy,Fall Out Boy - Pete Wentz
Camila Cabello,Camila Cabello,Fifth Harmony,Fifth Harmony - Camila Cabello
Lauren Jauregui,Lauren Jauregui,Fifth Harmony,Fifth Harmony - Lauren Jauregui
Boyang Jin,Boyang Jin,Figure Skating,Figure Skating - Boyang Jin
Yuzuru Hanyu,Yuzuru Hanyu,Figure Skating,Figure Skating - Yuzuru Hanyu
Lightning,Lightning,Final Fantasy | ファイナルファンタジー,Final Fantasy | ファイナルファンタジー - Lightning
Noctis Lucis Caelum,Noctis Lucis Caelum,Final Fantasy | ファイナルファンタジー,Final Fantasy | ファイナルファンタジー - Noctis Lucis Caelum
Oerba Yun Fang,Oerba-Yun Fang,Final Fantasy | ファイナルファンタジー,Final Fantasy | ファイナルファンタジー - Oerba-Yun Fang
Prompto Argentum,Prompto Argentum,Final Fantasy | ファイナルファンタジー,Final Fantasy | ファイナルファンタジー - Prompto Argentum
My Unit | Byleth,Byleth Eisner | Player Character,Fire Emblem | ファイアーエムブレム,Fire Emblem | ファイアーエムブレム - Byleth Eisner | Player Character
Dimitri Alexandre Blaiddyd,Dimitri Alexandre Blaiddyd,Fire Emblem | ファイアーエムブレム,Fire Emblem | ファイアーエムブレム - Dimitri Alexandre Blaiddyd
Edelgard von Hresvelg,Edelgard von Hresvelg,Fire Emblem | ファイアーエムブレム,Fire Emblem | ファイアーエムブレム - Edelgard von Hresvelg
Felix Hugo Fraldarius,Felix Hugo Fraldarius,Fire Emblem | ファイアーエムブレム,Fire Emblem | ファイアーエムブレム - Felix Hugo Fraldarius
Sylvain Jose Gautier,Sylvain Jose Gautier,Fire Emblem | ファイアーエムブレム,Fire Emblem | ファイアーエムブレム - Sylvain Jose Gautier
Matsuoka Rin,Matsuoka Rin,Free!,Free! - Matsuoka Rin
Nanase Haruka,Nanase Haruka,Free!,Free! - Nanase Haruka
Tachibana Makoto,Tachibana Makoto,Free!,Free! - Tachibana Makoto
Anna,Anna,Frozen,Frozen - Anna
Elsa (Disney),Elsa,Frozen,Frozen - Elsa
Elsa (Frozen),Elsa,Frozen,Frozen - Elsa
Edward Elric,Edward Elric,Fullmetal Alchemist | 鋼の錬金術師,Fullmetal Alchemist | 鋼の錬金術師 - Edward Elric
Roy Mustang,Roy Mustang,Fullmetal Alchemist | 鋼の錬金術師,Fullmetal Alchemist | 鋼の錬金術師 - Roy Mustang
Winry Rockbell,Winry Rockbell,Fullmetal Alchemist | 鋼の錬金術師,Fullmetal Alchemist | 鋼の錬金術師 - Winry Rockbell
Brad Colbert,Brad Colbert,Generation Kill,Generation Kill - Brad Colbert
Nate Fick,Nate Fick,Generation Kill,Generation Kill - Nate Fick
Xiao | Alatus (Genshin Impact),Alatus | Xiao,Genshin Impact | 原神,Genshin Impact | 原神 - Alatus | Xiao
Albedo,Albedo,Genshin Impact | 原神,Genshin Impact | 原神 - Albedo
Alhaitham,Alhaitham,Genshin Impact | 原神,Genshin Impact | 原神 - Alhaitham
Beidou,Beidou,Genshin Impact | 原神,Genshin Impact | 原神 - Beidou
Cyno,Cyno,Genshin Impact | 原神,Genshin Impact | 原神 - Cyno
Diluc,Diluc,Genshin Impact | 原神,Genshin Impact | 原神 - Diluc
Ganyu,Ganyu,Genshin Impact | 原神,Genshin Impact | 原神 - Ganyu
Jean,Jean,Genshin Impact | 原神,Genshin Impact | 原神 - Jean
Kaedehara Kazuha,Kaedehara Kazuha,Genshin Impact | 原神,Genshin Impact | 原神 - Kaedehara Kazuha
Kaeya (Genshin Impact),Kaeya,Genshin Impact | 原神,Genshin Impact | 原神 - Kaeya
Kamisato Ayato,Kamisato Ayato,Genshin Impact | 原神,Genshin Impact | 原神 - Kamisato Ayato
Kaveh (Genshin Impact),Kaveh,Genshin Impact | 原神,Genshin Impact | 原神 - Kaveh
Keqing (Genshin Impact),Keqing,Genshin Impact | 原神,Genshin Impact | 原神 - Keqing
Lisa (Genshin Impact),Lisa,Genshin Impact | 原神,Genshin Impact | 原神 - Lisa
Ningguang (Genshin Impact),Ningguang,Genshin Impact | 原神,Genshin Impact | 原神 - Ningguang
Raiden Ei | Baal,Raiden Ei | Beelzebul,Genshin Impact | 原神,Genshin Impact | 原神 - Raiden Ei | Beelzebul
Scaramouche,Scaramouche | The Balladeer,Genshin Impact | 原神,Genshin Impact | 原神 - Scaramouche | The Balladeer
Tartaglia | Childe,Tartaglia | Childe,Genshin Impact | 原神,Genshin Impact | 原神 - Tartaglia | Childe
Thoma,Thoma,Genshin Impact | 原神,Genshin Impact | 原神 - Thoma
Tighnari (Genshin Impact),Tighnari,Genshin Impact | 原神,Genshin Impact | 原神 - Tighnari
Traveler (Genshin Impact),Traveler | Player Character,Genshin Impact | 原神,Genshin Impact | 原神 - Traveler | Player Character
Venti,Venti,Genshin Impact | 原神,Genshin Impact | 原神 - Venti
Yae Miko,Yae Miko | Guuji,Genshin Impact | 原神,Genshin Impact | 原神 - Yae Miko | Guuji
Zhongli (Genshin Impact),Zhongli,Genshin Impact | 原神,Genshin Impact | 原神 - Zhongli
Erin Gilbert,Erin Gilbert,Ghostbusters,Ghostbusters - Erin Gilbert
Jillian Holtzmann,Jillian Holtzmann,Ghostbusters,Ghostbusters - Jillian Holtzmann
Maya Hart,Maya Hart,Girl Meets World,Girl Meets World - Maya Hart
Riley Matthews,Riley Matthews,Girl Meets World,Girl Meets World - Riley Matthews
Blaine Anderson,Blaine Anderson,Glee,Glee - Blaine Anderson
Brittany S. Pierce,Brittany S. Pierce,Glee,Glee - Brittany S. Pierce
David Karofsky,David Karofsky,Glee,Glee - David Karofsky
Finn Hudson,Finn Hudson,Glee,Glee - Finn Hudson
Kurt Hummel,Kurt Hummel,Glee,Glee - Kurt Hummel
Noah Puckerman,Noah Puckerman,Glee,Glee - Noah Puckerman
Quinn Fabray,Quinn Fabray,Glee,Glee - Quinn Fabray
Rachel Berry,Rachel Berry,Glee,Glee - Rachel Berry
Santana Lopez,Santana Lopez,Glee,Glee - Santana Lopez
Sebastian Smythe,Sebastian Smythe,Glee,Glee - Sebastian Smythe
Crowley,Anthony J. Crowley,Good Omens,Good Omens - Anthony J. Crowley
Crowley (Good Omens),Anthony J. Crowley,Good Omens,Good Omens - Anthony J. Crowley
Aziraphale,Aziraphale,Good Omens,Good Omens - Aziraphale
Jiāng Chéng | Jiāng Wǎnyín,Jiāng Chéng | Jiāng Wǎnyín,Grandmaster of Demonic Cultivation / The Untamed | 魔道祖师 / 陈情令,Grandmaster of Demonic Cultivation / The Untamed | 魔道祖师 / 陈情令 - Jiāng Chéng | Jiāng Wǎnyín
Lán Huàn | Lán Xīchén,Lán Huàn | Lán Xīchén,Grandmaster of Demonic Cultivation / The Untamed | 魔道祖师 / 陈情令,Grandmaster of Demonic Cultivation / The Untamed | 魔道祖师 / 陈情令 - Lán Huàn | Lán Xīchén
Lán Zhàn | Lán Wàngjī,Lán Zhàn | Lán Wàngjī,Grandmaster of Demonic Cultivation / The Untamed | 魔道祖师 / 陈情令,Grandmaster of Demonic Cultivation / The Untamed | 魔道祖师 / 陈情令 - Lán Zhàn | Lán Wàngjī
Wang Yi Bo,Wang Yi Bo,Grandmaster of Demonic Cultivation / The Untamed | 魔道祖师 / 陈情令,Grandmaster of Demonic Cultivation / The Untamed | 魔道祖师 / 陈情令 - Wang Yi Bo
Wèi Yīng | Wèi Wúxiàn,Wèi Yīng | Wèi Wúxiàn,Grandmaster of Demonic Cultivation / The Untamed | 魔道祖师 / 陈情令,Grandmaster of Demonic Cultivation / The Untamed | 魔道祖师 / 陈情令 - Wèi Yīng | Wèi Wúxiàn
Xiao Zhan,Xiao Zhan | Sean Xiao,Grandmaster of Demonic Cultivation / The Untamed | 魔道祖师 / 陈情令,Grandmaster of Demonic Cultivation / The Untamed | 魔道祖师 / 陈情令 - Xiao Zhan | Sean Xiao
Xiao Zhan | Sean,Xiao Zhan | Sean Xiao,Grandmaster of Demonic Cultivation / The Untamed | 魔道祖师 / 陈情令,Grandmaster of Demonic Cultivation / The Untamed | 魔道祖师 / 陈情令 - Xiao Zhan | Sean Xiao
Bill Cipher,Bill Cipher,Gravity Falls,Gravity Falls - Bill Cipher
Dipper Pines,Dipper Pines,Gravity Falls,Gravity Falls - Dipper Pines
Mabel Pines,Mabel Pines,Gravity Falls,Gravity Falls - Mabel Pines
Pacifica Northwest,Pacifica Northwest,Gravity Falls,Gravity Falls - Pacifica Northwest
Addison Montgomery,Addison Montgomery,Grey's Anatomy,Grey's Anatomy - Addison Montgomery
Arizona Robbins,Arizona Robbins,Grey's Anatomy,Grey's Anatomy - Arizona Robbins
Calliope 'Callie' Torres,Calliope 'Callie' Torres,Grey's Anatomy,Grey's Anatomy - Calliope 'Callie' Torres
Meredith Grey,Meredith Grey,Grey's Anatomy,Grey's Anatomy - Meredith Grey
Akaashi Keiji,Akaashi Keiji,Haikyuu!! | ハイキュー!!,Haikyuu!! | ハイキュー!! - Akaashi Keiji
Bokuto Koutarou,Bokuto Koutarou,Haikyuu!! | ハイキュー!!,Haikyuu!! | ハイキュー!! - Bokuto Koutarou
Hinata Shouyou,Hinata Shouyou,Haikyuu!! | ハイキュー!!,Haikyuu!! | ハイキュー!! - Hinata Shouyou
Iwaizumi Hajime,Iwaizumi Hajime,Haikyuu!! | ハイキュー!!,Haikyuu!! | ハイキュー!! - Iwaizumi Hajime
Kageyama Tobio,Kageyama Tobio,Haikyuu!! | ハイキュー!!,Haikyuu!! | ハイキュー!! - Kageyama Tobio
Kozume Kenma,Kozume Kenma,Haikyuu!! | ハイキュー!!,Haikyuu!! | ハイキュー!! - Kozume Kenma
Kuroo Tetsurou,Kuroo Tetsurou,Haikyuu!! | ハイキュー!!,Haikyuu!! | ハイキュー!! - Kuroo Tetsurou
Miya Atsumu,Miya Atsumu,Haikyuu!! | ハイキュー!!,Haikyuu!! | ハイキュー!! - Miya Atsumu
Oikawa Tooru,Oikawa Tooru,Haikyuu!! | ハイキュー!!,Haikyuu!! | ハイキュー!! - Oikawa Tooru
Sakusa Kiyoomi,Sakusa Kiyoomi,Haikyuu!! | ハイキュー!!,Haikyuu!! | ハイキュー!! - Sakusa Kiyoomi
Sawamura Daichi,Sawamura Daichi,Haikyuu!! | ハイキュー!!,Haikyuu!! | ハイキュー!! - Sawamura Daichi
Shimizu Kiyoko,Shimizu Kiyoko,Haikyuu!! | ハイキュー!!,Haikyuu!! | ハイキュー!! - Shimizu Kiyoko
Sugawara Koushi,Sugawara Koushi,Haikyuu!! | ハイキュー!!,Haikyuu!! | ハイキュー!! - Sugawara Koushi
Tsukishima Kei,Tsukishima Kei,Haikyuu!! | ハイキュー!!,Haikyuu!! | ハイキュー!! - Tsukishima Kei
Yachi Hitoka,Yachi Hitoka,Haikyuu!! | ハイキュー!!,Haikyuu!! | ハイキュー!! - Yachi Hitoka
Yamaguchi Tadashi,Yamaguchi Tadashi,Haikyuu!! | ハイキュー!!,Haikyuu!! | ハイキュー!! - Yamaguchi Tadashi
Alexander Hamilton,Alexander Hamilton,Hamilton,Hamilton - Alexander Hamilton
Elizabeth 'Eliza' Schuyler,Elizabeth 'Eliza' Schuyler,Hamilton,Hamilton - Elizabeth 'Eliza' Schuyler
John Laurens,John Laurens,Hamilton,Hamilton - John Laurens
Maria Reynolds,Maria Reynolds,Hamilton,Hamilton - Maria Reynolds
Thomas Jefferson,Thomas Jefferson,Hamilton,Hamilton - Thomas Jefferson
Alana Bloom,Alana Bloom,Hannibal,Hannibal - Alana Bloom
Hannibal Lecter,Hannibal Lecter,Hannibal,Hannibal - Hannibal Lecter
Margot Verger,Margot Verger,Hannibal,Hannibal - Margot Verger
Will Graham,Will Graham,Hannibal,Hannibal - Will Graham
Barty Crouch Jr.,Barty Crouch Jr.,Harry Potter Universe,Harry Potter Universe - Barty Crouch Jr.
Bellatrix Black Lestrange,`Bellatrix Lestrange, née Black`,Harry Potter Universe,`Harry Potter Universe - Bellatrix Lestrange, née Black`
Credence Barebone,Credence Barebone,Harry Potter Universe,Harry Potter Universe - Credence Barebone
Dorcas Meadowes,Dorcas Meadowes,Harry Potter Universe,Harry Potter Universe - Dorcas Meadowes
Draco Malfoy,Draco Malfoy,Harry Potter Universe,Harry Potter Universe - Draco Malfoy
Evan Rosier,Evan Rosier,Harry Potter Universe,Harry Potter Universe - Evan Rosier
Ginny Weasley,Ginny Weasley,Harry Potter Universe,Harry Potter Universe - Ginny Weasley
Harry Potter,Harry Potter,Harry Potter Universe,Harry Potter Universe - Harry Potter
Hermione Granger,Hermione Granger,Harry Potter Universe,Harry Potter Universe - Hermione Granger
James Potter,James Potter,Harry Potter Universe,Harry Potter Universe - James Potter
Lily Evans Potter,`Lily Potter, née Evans`,Harry Potter Universe,`Harry Potter Universe - Lily Potter, née Evans`
Luna Lovegood,Luna Lovegood,Harry Potter Universe,Harry Potter Universe - Luna Lovegood
Marlene McKinnon,Marlene McKinnon,Harry Potter Universe,Harry Potter Universe - Marlene McKinnon
Mary Macdonald,Mary Macdonald,Harry Potter Universe,Harry Potter Universe - Mary Macdonald
Pansy Parkinson,Pansy Parkinson,Harry Potter Universe,Harry Potter Universe - Pansy Parkinson
Original Percival Graves,Percival Graves,Harry Potter Universe,Harry Potter Universe - Percival Graves
Regulus Black,Regulus Black,Harry Potter Universe,Harry Potter Universe - Regulus Black
Remus Lupin,Remus Lupin,Harry Potter Universe,Harry Potter Universe - Remus Lupin
Ron Weasley,Ron Weasley,Harry Potter Universe,Harry Potter Universe - Ron Weasley
Severus Snape,Severus Snape,Harry Potter Universe,Harry Potter Universe - Severus Snape
Sirius Black,Sirius Black,Harry Potter Universe,Harry Potter Universe - Sirius Black
Tom Riddle | Voldemort,Tom Riddle | Voldemort,Harry Potter Universe,Harry Potter Universe - Tom Riddle | Voldemort
Aoyagi Touya,Aoyagi Touya,Hatsune Miku / Vocaloid | 初音ミク / ボーカロイド,Hatsune Miku / Vocaloid | 初音ミク / ボーカロイド - Aoyagi Touya
Kamishiro Rui,Kamishiro Rui,Hatsune Miku / Vocaloid | 初音ミク / ボーカロイド,Hatsune Miku / Vocaloid | 初音ミク / ボーカロイド - Kamishiro Rui
Shinonome Akito,Shinonome Akito,Hatsune Miku / Vocaloid | 初音ミク / ボーカロイド,Hatsune Miku / Vocaloid | 初音ミク / ボーカロイド - Shinonome Akito
Tenma Tsukasa,Tenma Tsukasa,Hatsune Miku / Vocaloid | 初音ミク / ボーカロイド,Hatsune Miku / Vocaloid | 初音ミク / ボーカロイド - Tenma Tsukasa
Danny 'Danno' Williams,Danny 'Danno' Williams,Hawaii Five-0,Hawaii Five-0 - Danny 'Danno' Williams
Steve McGarrett,Steve McGarrett,Hawaii Five-0,Hawaii Five-0 - Steve McGarrett
Charlie Magne,Charlie Magne,Hazbin Hotel,Hazbin Hotel - Charlie Magne
Vaggie,Vaggie,Hazbin Hotel,Hazbin Hotel - Vaggie
Charles 'Charlie' Spring,Charles 'Charlie' Spring,Heartstopper,Heartstopper - Charles 'Charlie' Spring
Nicholas 'Nick' Nelson,Nicholas 'Nick' Nelson,Heartstopper,Heartstopper - Nicholas 'Nick' Nelson
Huā Chéng,Huā Chéng,Heaven Official's Blessing | 天官赐福,Heaven Official's Blessing | 天官赐福 - Huā Chéng
Xiè Lián (Tiān Guān Cì Fú),Xiè Lián,Heaven Official's Blessing | 天官赐福,Heaven Official's Blessing | 天官赐福 - Xiè Lián
America,Alfred F. Jones | America,Hetalia | ヘタリア,Hetalia | ヘタリア - Alfred F. Jones | America
America (Hetalia),Alfred F. Jones | America,Hetalia | ヘタリア,Hetalia | ヘタリア - Alfred F. Jones | America
England (Hetalia),Arthur Kirkland | England,Hetalia | ヘタリア,Hetalia | ヘタリア - Arthur Kirkland | England
Duncan MacLeod,Duncan MacLeod,Highlander,Highlander - Duncan MacLeod
Methos,Methos,Highlander,Highlander - Methos
Jonathan Toews,Jonathan Toews,Hockey,Hockey - Jonathan Toews
Patrick Kane,Patrick Kane,Hockey,Hockey - Patrick Kane
Bernie Wolfe,Bernie Wolfe,Holby City,Holby City - Bernie Wolfe
Serena Campbell,Serena Campbell,Holby City,Holby City - Serena Campbell
Aranea Serket,Aranea Serket,Homestuck,Homestuck - Aranea Serket
Calliope,Calliope,Homestuck,Homestuck - Calliope
Dave Strider,Dave Strider,Homestuck,Homestuck - Dave Strider
Dirk Strider,Dirk Strider,Homestuck,Homestuck - Dirk Strider
Eridan Ampora,Eridan Ampora,Homestuck,Homestuck - Eridan Ampora
Gamzee Makara,Gamzee Makara,Homestuck,Homestuck - Gamzee Makara
Jade Harley,Jade Harley,Homestuck,Homestuck - Jade Harley
Jake English,Jake English,Homestuck,Homestuck - Jake English
Jane Crocker,Jane Crocker,Homestuck,Homestuck - Jane Crocker
John Egbert,John Egbert,Homestuck,Homestuck - John Egbert
Kanaya Maryam,Kanaya Maryam,Homestuck,Homestuck - Kanaya Maryam
Karkat Vantas,Karkat Vantas,Homestuck,Homestuck - Karkat Vantas
Meenah Peixes,Meenah Peixes,Homestuck,Homestuck - Meenah Peixes
Rose Lalonde,Rose Lalonde,Homestuck,Homestuck - Rose Lalonde
Roxy Lalonde,Roxy Lalonde,Homestuck,Homestuck - Roxy Lalonde
Sollux Captor,Sollux Captor,Homestuck,Homestuck - Sollux Captor
Tavros Nitram,Tavros Nitram,Homestuck,Homestuck - Tavros Nitram
Terezi Pyrope,Terezi Pyrope,Homestuck,Homestuck - Terezi Pyrope
Vriska Serket,Vriska Serket,Homestuck,Homestuck - Vriska Serket
Greg House,Greg House,House M.D.,House M.D. - Greg House
James Wilson,James Wilson,House M.D.,House M.D. - James Wilson
Johanna Mason,Johanna Mason,Hunger Games / Panem Universe,Hunger Games / Panem Universe - Johanna Mason
Katniss Everdeen,Katniss Everdeen,Hunger Games / Panem Universe,Hunger Games / Panem Universe - Katniss Everdeen
Peeta Mellark,Peeta Mellark,Hunger Games / Panem Universe,Hunger Games / Panem Universe - Peeta Mellark
Ben Hanscom,Ben Hanscom,IT,IT - Ben Hanscom
Beverly Marsh,Beverly Marsh,IT,IT - Beverly Marsh
Eddie Kaspbrak,Eddie Kaspbrak,IT,IT - Eddie Kaspbrak
Richie Tozier,Richie Tozier,IT,IT - Richie Tozier
Arthur,Arthur,Inception,Inception - Arthur
Eames (Inception),Eames,Inception,Inception - Eames
James Bond,James Bond,James Bond Universe,James Bond Universe - James Bond
Q,Q,James Bond Universe,James Bond Universe - Q
Bruno Buccellati,Bruno Buccellati,JoJo's Bizarre Adventure | ジョジョの奇妙な冒険,JoJo's Bizarre Adventure | ジョジョの奇妙な冒険 - Bruno Buccellati
Kakyoin Noriaki,Kakyoin Noriaki,JoJo's Bizarre Adventure | ジョジョの奇妙な冒険,JoJo's Bizarre Adventure | ジョジョの奇妙な冒険 - Kakyoin Noriaki
Kujo Jotaro,Kujo 'Jojo' Jotaro,JoJo's Bizarre Adventure | ジョジョの奇妙な冒険,JoJo's Bizarre Adventure | ジョジョの奇妙な冒険 - Kujo 'Jojo' Jotaro
Leone Abbacchio,Leone Abbacchio,JoJo's Bizarre Adventure | ジョジョの奇妙な冒険,JoJo's Bizarre Adventure | ジョジョの奇妙な冒険 - Leone Abbacchio
Liu Er Mihou | Six-eared Macaque,Liu'Er Mihou | Six-eared Macaque,Journey to the West Universe,Journey to the West Universe - Liu'Er Mihou | Six-eared Macaque
Sun Wukong | Monkey King,Sun Wukong | Monkey King,Journey to the West Universe,Journey to the West Universe - Sun Wukong | Monkey King
Getou Suguru,Getou Suguru,Jujutsu Kaisen | 呪術廻戦,Jujutsu Kaisen | 呪術廻戦 - Getou Suguru
Gojo Satoru,Gojo Satoru,Jujutsu Kaisen | 呪術廻戦,Jujutsu Kaisen | 呪術廻戦 - Gojo Satoru
Alex Mercer,Alex Mercer,Julie and The Phantoms,Julie and The Phantoms - Alex Mercer
Julie Molina,Julie Molina,Julie and The Phantoms,Julie and The Phantoms - Julie Molina
Luke Patterson,Luke Patterson,Julie and The Phantoms,Julie and The Phantoms - Luke Patterson
Willie (Julie and The Phantoms),Willie,Julie and The Phantoms,Julie and The Phantoms - Willie
Akanishi Jin,Akanishi Jin,KAT-TUN,KAT-TUN - Akanishi Jin
Kamenashi Kazuya,Kamenashi Kazuya,KAT-TUN,KAT-TUN - Kamenashi Kazuya
Kiryuuin Satsuki,Kiryuuin Satsuki,Kill la Kill | キルラキル,Kill la Kill | キルラキル - Kiryuuin Satsuki
Matoi Ryuuko,Matoi Ryuuko,Kill la Kill | キルラキル,Kill la Kill | キルラキル - Matoi Ryuuko
Eve Polastri,Eve Polastri,Killing Eve,Killing Eve - Eve Polastri
Villanelle | Oksana Astankova,Oksana Anatolyevna Astankova | Villanelle,Killing Eve,Killing Eve - Oksana Anatolyevna Astankova | Villanelle
Kim Possible,Kim Possible,Kim Possible,Kim Possible - Kim Possible
Shego,Shego,Kim Possible,Kim Possible - Shego
Axel,Axel,Kingdom Hearts,Kingdom Hearts - Axel
Roxas,Roxas,Kingdom Hearts,Kingdom Hearts - Roxas
Gary 'Eggsy' Unwin,Gary 'Eggsy' Unwin,Kingsman,Kingsman - Gary 'Eggsy' Unwin
Harry Hart,Harry Hart,Kingsman,Kingsman - Harry Hart
Kim Khimhant Theerapanyakun,Kim Theerapanyakun | Wik,KinnPorsche | คินน์พอร์ช เดอะ ซีรีส์,KinnPorsche | คินน์พอร์ช เดอะ ซีรีส์ - Kim Theerapanyakun | Wik
Kinn Anakinn Theerapanyakun,Kinn Anakinn Theerapanyakun,KinnPorsche | คินน์พอร์ช เดอะ ซีรีส์,KinnPorsche | คินน์พอร์ช เดอะ ซีรีส์ - Kinn Anakinn Theerapanyakun
Pete Phongsakorn Saengtham,Pete Phongsakorn Saengtham,KinnPorsche | คินน์พอร์ช เดอะ ซีรีส์,KinnPorsche | คินน์พอร์ช เดอะ ซีรีส์ - Pete Phongsakorn Saengtham
Porchay Pichaya Kittisawat,Porchay Pichaya Kittisawat,KinnPorsche | คินน์พอร์ช เดอะ ซีรีส์,KinnPorsche | คินน์พอร์ช เดอะ ซีรีส์ - Porchay Pichaya Kittisawat
Porsche Pachara Kittisawat,Porsche Pachara Kittisawat,KinnPorsche | คินน์พอร์ช เดอะ ซีรีส์,KinnPorsche | คินน์พอร์ช เดอะ ซีรีส์ - Porsche Pachara Kittisawat
Vegas Kornwit Theerapanyakun,Vegas Kornwit Theerapanyakun,KinnPorsche | คินน์พอร์ช เดอะ ซีรีส์,KinnPorsche | คินน์พอร์ช เดอะ ซีรีส์ - Vegas Kornwit Theerapanyakun
Alexandra Cabot,Alexandra Cabot,Law & Order,Law & Order - Alexandra Cabot
Elliot Stabler,Elliot Stabler,Law & Order,Law & Order - Elliot Stabler
Olivia Benson,Olivia Benson,Law & Order,Law & Order - Olivia Benson
Cara Mason,Cara Mason,Legend of the Seeker,Legend of the Seeker - Cara Mason
Kahlan Amnell,Kahlan Amnell,Legend of the Seeker,Legend of the Seeker - Kahlan Amnell
Cosette Fauchelevent,Cosette Fauchelevent,Les Misérables,Les Misérables - Cosette Fauchelevent
Courfeyrac,Courfeyrac,Les Misérables,Les Misérables - Courfeyrac
Enjolras,Enjolras,Les Misérables,Les Misérables - Enjolras
Grantaire,Grantaire,Les Misérables,Les Misérables - Grantaire
Grantaire (Les Misérables),Grantaire,Les Misérables,Les Misérables - Grantaire
Javert,Javert,Les Misérables,Les Misérables - Javert
Jean Prouvaire,Jean Prouvaire,Les Misérables,Les Misérables - Jean Prouvaire
Jean Valjean,Jean Valjean,Les Misérables,Les Misérables - Jean Valjean
Marius Pontmercy,Marius Pontmercy,Les Misérables,Les Misérables - Marius Pontmercy
Éponine Thénardier,Éponine Thénardier,Les Misérables,Les Misérables - Éponine Thénardier
Chloe Price,Chloe Price,Life Is Strange,Life Is Strange - Chloe Price
Maxine 'Max' Caulfield,Maxine 'Max' Caulfield,Life Is Strange,Life Is Strange - Maxine 'Max' Caulfield
Maxine Caulfield,Maxine 'Max' Caulfield,Life Is Strange,Life Is Strange - Maxine 'Max' Caulfield
Rachel Amber,Rachel Amber,Life Is Strange,Life Is Strange - Rachel Amber
Victoria Chase,Victoria Chase,Life Is Strange,Life Is Strange - Victoria Chase
Gene Hunt,Gene Hunt,Life on Mars,Life on Mars - Gene Hunt
Sam Tyler,Sam Tyler,Life on Mars,Life on Mars - Sam Tyler
Atsuko 'Akko' Kagari,Atsuko 'Akko' Kagari,Little Witch Academia | リトルウィッチアカデミア,Little Witch Academia | リトルウィッチアカデミア - Atsuko 'Akko' Kagari
Diana Cavendish,Diana Cavendish,Little Witch Academia | リトルウィッチアカデミア,Little Witch Academia | リトルウィッチアカデミア - Diana Cavendish
Lizzie Bennet,Lizzie Bennet,Lizzie Bennet Diaries,Lizzie Bennet Diaries - Lizzie Bennet
William Darcy,William Darcy,Lizzie Bennet Diaries,Lizzie Bennet Diaries - William Darcy
Anthony Lockwood,Anthony Lockwood,Lockwood & Co.,Lockwood & Co. - Anthony Lockwood
Lucy Carlyle,Lucy Carlyle,Lockwood & Co.,Lockwood & Co. - Lucy Carlyle
Bilbo Baggins,Bilbo Baggins,Lord of the Rings Universe,Lord of the Rings Universe - Bilbo Baggins
Frodo Baggins,Frodo Baggins,Lord of the Rings Universe,Lord of the Rings Universe - Frodo Baggins
Fíli,Fíli,Lord of the Rings Universe,Lord of the Rings Universe - Fíli
Kíli,Kíli,Lord of the Rings Universe,Lord of the Rings Universe - Kíli
Sam Gamgee,Sam Gamgee,Lord of the Rings Universe,Lord of the Rings Universe - Sam Gamgee
Sean Bean,Sean Bean,Lord of the Rings Universe,Lord of the Rings Universe - Sean Bean
Thorin Oakenshield,Thorin Oakenshield,Lord of the Rings Universe,Lord of the Rings Universe - Thorin Oakenshield
Viggo Mortensen,Viggo Mortensen,Lord of the Rings Universe,Lord of the Rings Universe - Viggo Mortensen
Bo,Bo,Lost Girl,Lost Girl - Bo
Lauren,Lauren Lewis,Lost Girl,Lost Girl - Lauren Lewis
Lauren Lewis,Lauren Lewis,Lost Girl,Lost Girl - Lauren Lewis
Tamsin,Tamsin,Lost Girl,Lost Girl - Tamsin
Ayase Eli,Ayase Eli,Love Live! | ラブライブ!,Love Live! | ラブライブ! - Ayase Eli
Nishikino Maki,Nishikino Maki,Love Live! | ラブライブ!,Love Live! | ラブライブ! - Nishikino Maki
Toujou Nozomi,Toujou Nozomi,Love Live! | ラブライブ!,Love Live! | ラブライブ! - Toujou Nozomi
Yazawa Nico,Yazawa Nico,Love Live! | ラブライブ!,Love Live! | ラブライブ! - Yazawa Nico
Chloe Decker,Chloe Decker,Lucifer,Lucifer - Chloe Decker
Lucifer Morningstar,Lucifer Morningstar,Lucifer,Lucifer - Lucifer Morningstar
Lo Hon-ting | Anson Lo,Lo Hon-ting | Anson Lo,MIRROR,MIRROR - Lo Hon-ting | Anson Lo
Lui Cheuk-on | Edan Lui,Lui Cheuk-on | Edan Lui,MIRROR,MIRROR - Lui Cheuk-on | Edan Lui
Aurora,Aurora,Maleficent,Maleficent - Aurora
Maleficent,Maleficent,Maleficent,Maleficent - Maleficent
America Chavez,America Chavez | Ms. America,Marvel,Marvel - America Chavez | Ms. America
Angie Martinelli,Angie Martinelli,Marvel,Marvel - Angie Martinelli
Bruce Banner,Bruce Banner | Hulk,Marvel,Marvel - Bruce Banner | Hulk
Carol Danvers,Carol Danvers | Ms. Marvel/Captain Marvel,Marvel,Marvel - Carol Danvers | Ms. Marvel/Captain Marvel
Charles Xavier,Charles Xavier | Professor X,Marvel,Marvel - Charles Xavier | Professor X
Clint Barton,Clint Barton | Hawkeye,Marvel,Marvel - Clint Barton | Hawkeye
Skye,Daisy Johnson | Skye,Marvel,Marvel - Daisy Johnson | Skye
Skye | Daisy Johnson,Daisy Johnson | Skye,Marvel,Marvel - Daisy Johnson | Skye
Darcy Lewis,Darcy Lewis,Marvel,Marvel - Darcy Lewis
Eddie Brock,Eddie Brock | Venom,Marvel,Marvel - Eddie Brock | Venom
Erik Lehnsherr,Erik Lehnsherr | Magneto,Marvel,Marvel - Erik Lehnsherr | Magneto
Grant Ward,Grant Ward,Marvel,Marvel - Grant Ward
James 'Bucky' Barnes,James Buchanan 'Bucky' Barnes | Winter Soldier/Captain America,Marvel,Marvel - James Buchanan 'Bucky' Barnes | Winter Soldier/Captain America
Jane Foster,Jane Foster | Thor,Marvel,Marvel - Jane Foster | Thor
Jemma Simmons,Jemma Simmons,Marvel,Marvel - Jemma Simmons
Kate Bishop,Kate Bishop | Hawkeye,Marvel,Marvel - Kate Bishop | Hawkeye
Leo Fitz,Leopold 'Leo' Fitz,Marvel,Marvel - Leopold 'Leo' Fitz
Loki,Loki Laufeyson/Odinson,Marvel,Marvel - Loki Laufeyson/Odinson
Loki (Marvel),Loki Laufeyson/Odinson,Marvel,Marvel - Loki Laufeyson/Odinson
Maria Hill,Maria Hill,Marvel,Marvel - Maria Hill
Maria Rambeau,Maria Rambeau | Binary,Marvel,Marvel - Maria Rambeau | Binary
Michelle Jones,Michelle 'MJ' Jones,Marvel,Marvel - Michelle 'MJ' Jones
Mobius M. Mobius,Mobius M. 'Moby' Mobius,Marvel,Marvel - Mobius M. 'Moby' Mobius
Natasha Romanov,Natalia Alianovna 'Natasha' Romanova | Black Widow,Marvel,Marvel - Natalia Alianovna 'Natasha' Romanova | Black Widow
Peggy Carter,Peggy Carter,Marvel,Marvel - Peggy Carter
Peter Parker,Peter Parker | Spiderman,Marvel,Marvel - Peter Parker | Spiderman
Phil Coulson,Phil Coulson,Marvel,Marvel - Phil Coulson
Sam Wilson,Samuel 'Sam' Wilson | Falcon/Captain America,Marvel,Marvel - Samuel 'Sam' Wilson | Falcon/Captain America
Stephen Strange,Stephen Strange | Doctor Strange,Marvel,Marvel - Stephen Strange | Doctor Strange
Steve Rogers,Steve Rogers | Captain America,Marvel,Marvel - Steve Rogers | Captain America
Teddy Altman,Teddy Altman | Hulkling,Marvel,Marvel - Teddy Altman | Hulkling
Thor,Thor Odinson,Marvel,Marvel - Thor Odinson
Thor (Marvel),Thor Odinson,Marvel,Marvel - Thor Odinson
Tony Stark,Tony Stark | Iron Man,Marvel,Marvel - Tony Stark | Iron Man
Venom Symbiote,Venom (Symbiote),Marvel,Marvel - Venom (Symbiote)
Pepper Potts,Virginia 'Pepper' Potts | Rescue,Marvel,Marvel - Virginia 'Pepper' Potts | Rescue
Wade Wilson,Wade Wilson | Deadpool,Marvel,Marvel - Wade Wilson | Deadpool
Wanda Maximoff,Wanda Maximoff | Scarlet Witch,Marvel,Marvel - Wanda Maximoff | Scarlet Witch
Billy Kaplan,William 'Billy' Kaplan | Wiccan,Marvel,Marvel - William 'Billy' Kaplan | Wiccan
Reader,Y/N | Reader,Marvel,Marvel - Y/N | Reader
Yelena Belova,Yelena Belova | Black Widow/White Widow,Marvel,Marvel - Yelena Belova | Black Widow/White Widow
Garrus Vakarian,Garrus Vakarian,Mass Effect,Mass Effect - Garrus Vakarian
Kaidan Alenko,Kaidan Alenko,Mass Effect,Mass Effect - Kaidan Alenko
Liara T'Soni,Liara T'Soni,Mass Effect,Mass Effect - Liara T'Soni
Female Shepard,Shepard (Female) | Player Character,Mass Effect,Mass Effect - Shepard (Female) | Player Character
Male Shepard,Shepard (Male) | Player Character,Mass Effect,Mass Effect - Shepard (Male) | Player Character
Shepard,Shepard | Player Character,Mass Effect,Mass Effect - Shepard | Player Character
Arthur Pendragon,Arthur Pendragon,Merlin,Merlin - Arthur Pendragon
Arthur Pendragon (Merlin),Arthur Pendragon,Merlin,Merlin - Arthur Pendragon
Bradley James,Bradley James,Merlin,Merlin - Bradley James
Colin Morgan,Colin Morgan,Merlin,Merlin - Colin Morgan
Guinevere,Guinevere 'Gwen' Pendragon,Merlin,Merlin - Guinevere 'Gwen' Pendragon
Gwen,Guinevere 'Gwen' Pendragon,Merlin,Merlin - Guinevere 'Gwen' Pendragon
Merlin,Merlin,Merlin,Merlin - Merlin
Morgana,Morgana,Merlin,Merlin - Morgana
Morgana (Merlin),Morgana,Merlin,Merlin - Morgana
Morgause (Merlin),Morgause,Merlin,Merlin - Morgause
Adrien Agreste,Adrien Agreste | Chat Noir,Miraculous: Tales of Ladybug & Cat Noir | Miraculous: Les Aventures de Ladybug et Chat Noir,Miraculous: Tales of Ladybug & Cat Noir | Miraculous: Les Aventures de Ladybug et Chat Noir - Adrien Agreste | Chat Noir
Adrien Agreste | Chat Noir,Adrien Agreste | Chat Noir,Miraculous: Tales of Ladybug & Cat Noir | Miraculous: Les Aventures de Ladybug et Chat Noir,Miraculous: Tales of Ladybug & Cat Noir | Miraculous: Les Aventures de Ladybug et Chat Noir - Adrien Agreste | Chat Noir
Juleka Couffaine,Juleka Couffaine | Reflekta,Miraculous: Tales of Ladybug & Cat Noir | Miraculous: Les Aventures de Ladybug et Chat Noir,Miraculous: Tales of Ladybug & Cat Noir | Miraculous: Les Aventures de Ladybug et Chat Noir - Juleka Couffaine | Reflekta
Marinette Dupain-Cheng,Marinette Dupain-Cheng | Ladybug,Miraculous: Tales of Ladybug & Cat Noir | Miraculous: Les Aventures de Ladybug et Chat Noir,Miraculous: Tales of Ladybug & Cat Noir | Miraculous: Les Aventures de Ladybug et Chat Noir - Marinette Dupain-Cheng | Ladybug
Marinette Dupain-Cheng | Ladybug,Marinette Dupain-Cheng | Ladybug,Miraculous: Tales of Ladybug & Cat Noir | Miraculous: Les Aventures de Ladybug et Chat Noir,Miraculous: Tales of Ladybug & Cat Noir | Miraculous: Les Aventures de Ladybug et Chat Noir - Marinette Dupain-Cheng | Ladybug
Rose Lavillant,Rose Lavillant | Princess Fragrance,Miraculous: Tales of Ladybug & Cat Noir | Miraculous: Les Aventures de Ladybug et Chat Noir,Miraculous: Tales of Ladybug & Cat Noir | Miraculous: Les Aventures de Ladybug et Chat Noir - Rose Lavillant | Princess Fragrance
Duo Maxwell,Duo Maxwell,Mobile Suit Gundam Wing | 新機動戦記ガンダム W,Mobile Suit Gundam Wing | 新機動戦記ガンダム W - Duo Maxwell
Heero Yuy,Heero Yuy,Mobile Suit Gundam Wing | 新機動戦記ガンダム W,Mobile Suit Gundam Wing | 新機動戦記ガンダム W - Heero Yuy
Raelle Collar,Raelle Collar,Motherland,Motherland - Raelle Collar
Scylla Ramshorn,Scylla Ramshorn,Motherland,Motherland - Scylla Ramshorn
Frank,Frank Iero,My Chemical Romance,My Chemical Romance - Frank Iero
Frank Iero,Frank Iero,My Chemical Romance,My Chemical Romance - Frank Iero
Gerard,Gerard Way,My Chemical Romance,My Chemical Romance - Gerard Way
Gerard Way,Gerard Way,My Chemical Romance,My Chemical Romance - Gerard Way
Aizawa Shouta | Eraserhead,Aizawa Shouta | Eraserhead,My Hero Academia | 僕のヒーローアカデミア,My Hero Academia | 僕のヒーローアカデミア - Aizawa Shouta | Eraserhead
Asui Tsuyu,Asui Tsuyu | Froppy,My Hero Academia | 僕のヒーローアカデミア,My Hero Academia | 僕のヒーローアカデミア - Asui Tsuyu | Froppy
Bakugou Katsuki,Bakugou Katsuki,My Hero Academia | 僕のヒーローアカデミア,My Hero Academia | 僕のヒーローアカデミア - Bakugou Katsuki
Jirou Kyouka,Jirou Kyouka | Earphone Jack,My Hero Academia | 僕のヒーローアカデミア,My Hero Academia | 僕のヒーローアカデミア - Jirou Kyouka | Earphone Jack
Kaminari Denki,Kaminari Denki | Chargebolt,My Hero Academia | 僕のヒーローアカデミア,My Hero Academia | 僕のヒーローアカデミア - Kaminari Denki | Chargebolt
Kirishima Eijirou,Kirishima Eijirou | Red Riot,My Hero Academia | 僕のヒーローアカデミア,My Hero Academia | 僕のヒーローアカデミア - Kirishima Eijirou | Red Riot
Midoriya Izuku,Midoriya Izuku | Deku,My Hero Academia | 僕のヒーローアカデミア,My Hero Academia | 僕のヒーローアカデミア - Midoriya Izuku | Deku
Shinsou Hitoshi,Shinsou Hitoshi,My Hero Academia | 僕のヒーローアカデミア,My Hero Academia | 僕のヒーローアカデミア - Shinsou Hitoshi
Takami Keigo | Hawks,Takami Keigo | Hawks,My Hero Academia | 僕のヒーローアカデミア,My Hero Academia | 僕のヒーローアカデミア - Takami Keigo | Hawks
Todoroki Shouto,Todoroki Shouto | Shoto,My Hero Academia | 僕のヒーローアカデミア,My Hero Academia | 僕のヒーローアカデミア - Todoroki Shouto | Shoto
Dabi,Touya Todoroki | Dabi,My Hero Academia | 僕のヒーローアカデミア,My Hero Academia | 僕のヒーローアカデミア - Touya Todoroki | Dabi
Dabi | Todoroki Touya,Touya Todoroki | Dabi,My Hero Academia | 僕のヒーローアカデミア,My Hero Academia | 僕のヒーローアカデミア - Touya Todoroki | Dabi
Uraraka Ochako,Uraraka Ochako | Uravity,My Hero Academia | 僕のヒーローアカデミア,My Hero Academia | 僕のヒーローアカデミア - Uraraka Ochako | Uravity
Reader,Y/N | Reader,My Hero Academia | 僕のヒーローアカデミア,My Hero Academia | 僕のヒーローアカデミア - Y/N | Reader
Yagi Toshinori | All Might,Yagi Toshinori | All Might,My Hero Academia | 僕のヒーローアカデミア,My Hero Academia | 僕のヒーローアカデミア - Yagi Toshinori | All Might
Yamada Hizashi | Present Mic,Yamada Hizashi | Present Mic,My Hero Academia | 僕のヒーローアカデミア,My Hero Academia | 僕のヒーローアカデミア - Yamada Hizashi | Present Mic
Yaoyorozu Momo,Yaoyorozu Momo | Creati,My Hero Academia | 僕のヒーローアカデミア,My Hero Academia | 僕のヒーローアカデミア - Yaoyorozu Momo | Creati
Abby Sciuto,Abigail Beethoven 'Abby' Sciuto,NCIS,NCIS - Abigail Beethoven 'Abby' Sciuto
Anthony DiNozzo,Anthony DiNozzo,NCIS,NCIS - Anthony DiNozzo
Jethro Gibbs,Jethro Gibbs,NCIS,NCIS - Jethro Gibbs
Ziva David,Ziva David,NCIS,NCIS - Ziva David
Lee Donghyuck | Haechan,Lee Donghyuck | Haechan,NCT,NCT - Lee Donghyuck | Haechan
Lee Jeno,Lee Jeno | Jeno,NCT,NCT - Lee Jeno | Jeno
Mark Lee,Mark Lee | Mark,NCT,NCT - Mark Lee | Mark
Na Jaemin,Na Jaemin | Jaemin,NCT,NCT - Na Jaemin | Jaemin
Haruno Sakura,Haruno Sakura,Naruto,Naruto - Haruno Sakura
Hatake Kakashi,Hatake Kakashi,Naruto,Naruto - Hatake Kakashi
Uchiha Sasuke,Uchiha Sasuke,Naruto,Naruto - Uchiha Sasuke
Umino Iruka,Umino Iruka,Naruto,Naruto - Umino Iruka
Uzumaki,Uzumaki Naruto,Naruto,Naruto - Uzumaki Naruto
Uzumaki Naruto,Uzumaki Naruto,Naruto,Naruto - Uzumaki Naruto
Yamanaka Ino,Yamanaka Ino,Naruto,Naruto - Yamanaka Ino
Yang Jian | Erlang Shen,Erlang Shen | Yang Jian,New Gods | 新神榜,New Gods | 新神榜 - Erlang Shen | Yang Jian
Liu Chenxiang,Liu Chenxiang,New Gods | 新神榜,New Gods | 新神榜 - Liu Chenxiang
Kim Dokja,Kim Dokja,Omniscient Reader | 전지적 독자 시점,Omniscient Reader | 전지적 독자 시점 - Kim Dokja
Yoo Joonghyuk,Yoo Joonghyuk,Omniscient Reader | 전지적 독자 시점,Omniscient Reader | 전지적 독자 시점 - Yoo Joonghyuk
Aurora,Aurora,Once Upon a Time,Once Upon a Time - Aurora
Belle,Belle,Once Upon a Time,Once Upon a Time - Belle
Emma Swan,Emma Swan,Once Upon a Time,Once Upon a Time - Emma Swan
Captain Hook | Killian Jones,Killian Jones | Captain Hook,Once Upon a Time,Once Upon a Time - Killian Jones | Captain Hook
Rumpelstiltskin | Mr. Gold,Mr. Gold | Rumpelstiltskin,Once Upon a Time,Once Upon a Time - Mr. Gold | Rumpelstiltskin
Rumplestiltskin | Mr. Gold,Mr. Gold | Rumpelstiltskin,Once Upon a Time,Once Upon a Time - Mr. Gold | Rumpelstiltskin
Mulan,Mulan,Once Upon a Time,Once Upon a Time - Mulan
Evil Queen | Regina Mills,Regina Mills | Evil Queen,Once Upon a Time,Once Upon a Time - Regina Mills | Evil Queen
Red Riding Hood | Ruby,Ruby | Red Riding Hood,Once Upon a Time,Once Upon a Time - Ruby | Red Riding Hood
Harry Styles,Harry Styles,One Direction,One Direction - Harry Styles
Liam Payne,Liam Payne,One Direction,One Direction - Liam Payne
Louis Tomlinson,Louis Tomlinson,One Direction,One Direction - Louis Tomlinson
Niall Horan,Niall Horan,One Direction,One Direction - Niall Horan
Zayn Malik,Zayn Malik,One Direction,One Direction - Zayn Malik
Roronoa Zoro,Roronoa Zoro | Pirate Hunter Zoro,One Piece | ワンピース,One Piece | ワンピース - Roronoa Zoro | Pirate Hunter Zoro
Vinsmoke Sanji,Sanji Vinsmoke | Black-Leg Sanji,One Piece | ワンピース,One Piece | ワンピース - Sanji Vinsmoke | Black-Leg Sanji
Genos,Genos | Demon Cyborg,One-Punch Man | ワンパンマン,One-Punch Man | ワンパンマン - Genos | Demon Cyborg
Saitama (One-Punch Man),Saitama | One Punch Man/Caped Baldy,One-Punch Man | ワンパンマン,One-Punch Man | ワンパンマン - Saitama | One Punch Man/Caped Baldy
Alex Vause,Alex Vause,Orange is the New Black,Orange is the New Black - Alex Vause
Piper Chapman,Piper Chapman,Orange is the New Black,Orange is the New Black - Piper Chapman
Alison Hendrix,Alison Hendrix,Orphan Black,Orphan Black - Alison Hendrix
Beth Childs,Beth Childs,Orphan Black,Orphan Black - Beth Childs
Cosima Niehaus,Cosima Niehaus,Orphan Black,Orphan Black - Cosima Niehaus
Delphine Cormier,Delphine Cormier,Orphan Black,Orphan Black - Delphine Cormier
Blackbeard | Edward Teach,Edward Teach | Blackbeard,Our Flag Means Death,Our Flag Means Death - Edward Teach | Blackbeard
Israel Hands,Israel Hands,Our Flag Means Death,Our Flag Means Death - Israel Hands
Stede Bonnet,Stede Bonnet,Our Flag Means Death,Our Flag Means Death - Stede Bonnet
Widowmaker | Amélie Lacroix,Amélie Lacroix | Widowmaker,Overwatch,Overwatch - Amélie Lacroix | Widowmaker
Angela 'Mercy' Ziegler,Angela Ziegler | Mercy,Overwatch,Overwatch - Angela Ziegler | Mercy
Emily,Emily,Overwatch,Overwatch - Emily
Fareeha 'Pharah' Amari,Fareeha Amari | Pharah,Overwatch,Overwatch - Fareeha Amari | Pharah
Reaper | Gabriel Reyes,Gabriel Reyes | Reaper,Overwatch,Overwatch - Gabriel Reyes | Reaper
Soldier: 76 | Jack Morrison,Jack Morrison | Soldier: 76,Overwatch,Overwatch - Jack Morrison | Soldier: 76
Jesse McCree,Jesse McCree | McCree,Overwatch,Overwatch - Jesse McCree | McCree
Lena 'Tracer' Oxton,Lena Oxton | Tracer,Overwatch,Overwatch - Lena Oxton | Tracer
Moira O'Deorain,Moira O'Deorain,Overwatch,Overwatch - Moira O'Deorain
Hanzo Shimada,Shimada Hanzo,Overwatch,Overwatch - Shimada Hanzo
Hermann Gottlieb,Hermann Gottlieb,Pacific Rim,Pacific Rim - Hermann Gottlieb
Newton Geiszler,Newton Geiszler,Pacific Rim,Pacific Rim - Newton Geiszler
Brendon Urie,Brendon Urie,Panic! at the Disco,Panic! at the Disco - Brendon Urie
Ryan Ross,Ryan Ross,Panic! at the Disco,Panic! at the Disco - Ryan Ross
Spencer Smith,Spencer Smith,Panic! at the Disco,Panic! at the Disco - Spencer Smith
Annabeth Chase,Annabeth Chase,Percy Jackson,Percy Jackson - Annabeth Chase
Nico di Angelo,Nico di Angelo,Percy Jackson,Percy Jackson - Nico di Angelo
Percy Jackson,Percy Jackson,Percy Jackson,Percy Jackson - Percy Jackson
Piper McLean,Piper McLean,Percy Jackson,Percy Jackson - Piper McLean
Will Solace,Will Solace,Percy Jackson,Percy Jackson - Will Solace
Harold Finch,Harold Finch,Person of Interest,Person of Interest - Harold Finch
John Reese,John Reese,Person of Interest,Person of Interest - John Reese
Root,Samantha Groves | Root,Person of Interest,Person of Interest - Samantha Groves | Root
Root | Samantha Groves,Samantha Groves | Root,Person of Interest,Person of Interest - Samantha Groves | Root
Sameen Shaw,Sameen Shaw,Person of Interest,Person of Interest - Sameen Shaw
Akechi Goro,Akechi Goro,Persona,Persona - Akechi Goro
Amagi Yukiko,Amagi Yukiko,Persona,Persona - Amagi Yukiko
Persona 5 Protagonist,Amamiya Ren | Player Character,Persona,Persona - Amamiya Ren | Player Character
Satonaka Chie,Satonaka Chie,Persona,Persona - Satonaka Chie
Beca Mitchell,Beca Mitchell,Pitch Perfect,Pitch Perfect - Beca Mitchell
Chloe,Chloe Beale,Pitch Perfect,Pitch Perfect - Chloe Beale
Chloe Beale,Chloe Beale,Pitch Perfect,Pitch Perfect - Chloe Beale
Kimberly Hart,Kimberly Ann 'Kim' Hart | Pink Ranger,Power Rangers,Power Rangers - Kimberly Ann 'Kim' Hart | Pink Ranger
Trini,Trini Kwan | Yellow Ranger,Power Rangers,Power Rangers - Trini Kwan | Yellow Ranger
Trini (Power Rangers 2017),Trini Kwan | Yellow Ranger,Power Rangers,Power Rangers - Trini Kwan | Yellow Ranger
Kaiou Michiru,Kaiou Michiru | Sailor Neptune,Pretty Guardian Sailor Moon | 美少女戦士セーラームーン,Pretty Guardian Sailor Moon | 美少女戦士セーラームーン - Kaiou Michiru | Sailor Neptune
Tenoh Haruka,Tenoh Haruka | Sailor Uranus,Pretty Guardian Sailor Moon | 美少女戦士セーラームーン,Pretty Guardian Sailor Moon | 美少女戦士セーラームーン - Tenoh Haruka | Sailor Uranus
Akemi Homura,Akemi Homura,Puella Magi Madoka Magica | 魔法少女まどか☆マギカ,Puella Magi Madoka Magica | 魔法少女まどか☆マギカ - Akemi Homura
Kaname Madoka,Kaname Madoka,Puella Magi Madoka Magica | 魔法少女まどか☆マギカ,Puella Magi Madoka Magica | 魔法少女まどか☆マギカ - Kaname Madoka
Miki Sayaka,Miki Sayaka,Puella Magi Madoka Magica | 魔法少女まどか☆マギカ,Puella Magi Madoka Magica | 魔法少女まどか☆マギカ - Miki Sayaka
Sakura Kyouko,Sakura Kyouko,Puella Magi Madoka Magica | 魔法少女まどか☆マギカ,Puella Magi Madoka Magica | 魔法少女まどか☆マギカ - Sakura Kyouko
Brian Kinney,Brian Kinney,Queer as Folk,Queer as Folk - Brian Kinney
Justin Taylor,Justin Taylor,Queer as Folk,Queer as Folk - Justin Taylor
Justin Taylor (Queer as Folk),Justin Taylor,Queer as Folk,Queer as Folk - Justin Taylor
Blake Belladonna,Blake Belladonna,RWBY,RWBY - Blake Belladonna
Ruby Rose,Ruby Rose,RWBY,RWBY - Ruby Rose
Weiss Schnee,Weiss Schnee,RWBY,RWBY - Weiss Schnee
Yang Xiao Long,Xiao Long Yang,RWBY,RWBY - Xiao Long Yang
Adam Parrish,Adam Parrish,Raven Cycle,Raven Cycle - Adam Parrish
Ronan Lynch,Ronan Lynch,Raven Cycle,Raven Cycle - Ronan Lynch
Bae Joohyun | Irene,Bae Joohyun | Irene,Red Velvet,Red Velvet - Bae Joohyun | Irene
Kang Seulgi,Kang Seulgi | Seulgi,Red Velvet,Red Velvet - Kang Seulgi | Seulgi
Betty Cooper,Betty Cooper,Riverdale,Riverdale - Betty Cooper
Cheryl Blossom,Cheryl Blossom,Riverdale,Riverdale - Cheryl Blossom
Jughead Jones,Jughead Jones,Riverdale,Riverdale - Jughead Jones
Toni Topaz,Toni Topaz,Riverdale,Riverdale - Toni Topaz
Veronica Lodge,Veronica Lodge,Riverdale,Riverdale - Veronica Lodge
Jane Rizzoli,Jane Rizzoli,Rizzoli & Isles,Rizzoli & Isles - Jane Rizzoli
Maura Isles,Maura Isles,Rizzoli & Isles,Rizzoli & Isles - Maura Isles
Gail Peck,Gail Peck,Rookie Blue,Rookie Blue - Gail Peck
Holly Stewart,Holly Stewart,Rookie Blue,Rookie Blue - Holly Stewart
Alex Manes,Alex Manes,Roswell New Mexico,Roswell New Mexico - Alex Manes
Michael Guerin,Michael Guerin,Roswell New Mexico,Roswell New Mexico - Michael Guerin
Hasegawa Langa,Hasegawa Langa,SK8 the Infinity | SK∞ エスケーエイト,SK8 the Infinity | SK∞ エスケーエイト - Hasegawa Langa
Kyan Reki,Kyan Reki,SK8 the Infinity | SK∞ エスケーエイト,SK8 the Infinity | SK∞ エスケーエイト - Kyan Reki
Nanjo Kojiro | Joe,Nanjo Kojiro | Joe,SK8 the Infinity | SK∞ エスケーエイト,SK8 the Infinity | SK∞ エスケーエイト - Nanjo Kojiro | Joe
Sakurayashiki Kaoru | Cherry Blossom,Sakurayashiki Kaoru | Cherry Blossom,SK8 the Infinity | SK∞ エスケーエイト,SK8 the Infinity | SK∞ エスケーエイト - Sakurayashiki Kaoru | Cherry Blossom
Even Bech Næsheim,Even Bech Næsheim,SKAM,SKAM - Even Bech Næsheim
Isak Valtersen,Isak Valtersen,SKAM,SKAM - Isak Valtersen
Logic | Logan Sanders,Logan Sanders | Logic,Sanders Sides,Sanders Sides - Logan Sanders | Logic
Morality | Patton Sanders,Patton Sanders | Morality,Sanders Sides,Sanders Sides - Patton Sanders | Morality
Creativity | Roman 'Princey' Sanders,Roman 'Princey' Sanders | Creativity,Sanders Sides,Sanders Sides - Roman 'Princey' Sanders | Creativity
Anxiety | Virgil Sanders,Virgil Sanders | Anxiety,Sanders Sides,Sanders Sides - Virgil Sanders | Anxiety
David Rose,David Rose,Schitt's Creek,Schitt's Creek - David Rose
Patrick Brewer,Patrick Brewer,Schitt's Creek,Schitt's Creek - Patrick Brewer
Hyakuya Mikaela,Hyakuya Mikaela,Seraph of the End | 終わりのセラフ,Seraph of the End | 終わりのセラフ - Hyakuya Mikaela
Hyakuya Yuuichirou,Hyakuya Yuuichirou,Seraph of the End | 終わりのセラフ,Seraph of the End | 終わりのセラフ - Hyakuya Yuuichirou
The Darkling | Aleksander Morozova,Aleksander Morozova | The Darkling,Shadow and Bone,Shadow and Bone - Aleksander Morozova | The Darkling
Alina Starkov,Alina Starkov,Shadow and Bone,Shadow and Bone - Alina Starkov
Alec Lightwood,Alec Lightwood,Shadowhunters | Mortal Instruments,Shadowhunters | Mortal Instruments - Alec Lightwood
Clary Fray,Clary Fray,Shadowhunters | Mortal Instruments,Shadowhunters | Mortal Instruments - Clary Fray
Isabelle Lightwood,Isabelle Lightwood,Shadowhunters | Mortal Instruments,Shadowhunters | Mortal Instruments - Isabelle Lightwood
Magnus Bane,Magnus Bane,Shadowhunters | Mortal Instruments,Shadowhunters | Mortal Instruments - Magnus Bane
Ian Gallagher,Ian Gallagher,Shameless,Shameless - Ian Gallagher
Mickey Milkovich,Mickey Milkovich,Shameless,Shameless - Mickey Milkovich
Adora,Adora,She-Ra and the Princesses of Power,She-Ra and the Princesses of Power - Adora
Catra (She-Ra),Catra,She-Ra and the Princesses of Power,She-Ra and the Princesses of Power - Catra
Glimmer (She-Ra),Glimmer,She-Ra and the Princesses of Power,She-Ra and the Princesses of Power - Glimmer
Perfuma,Perfuma,She-Ra and the Princesses of Power,She-Ra and the Princesses of Power - Perfuma
Scorpia (She-Ra),Scorpia,She-Ra and the Princesses of Power,She-Ra and the Princesses of Power - Scorpia
Clara,Clara,Sherlock,Sherlock - Clara
Greg Lestrade,Greg Lestrade,Sherlock,Sherlock - Greg Lestrade
Harry Watson,Harriet 'Harry' Watson,Sherlock,Sherlock - Harriet 'Harry' Watson
Irene Adler,Irene Adler,Sherlock,Sherlock - Irene Adler
James Moriarty,James 'Jim' Moriarty,Sherlock,Sherlock - James 'Jim' Moriarty
Jim Moriarty,James 'Jim' Moriarty,Sherlock,Sherlock - James 'Jim' Moriarty
John Watson,John Watson,Sherlock,Sherlock - John Watson
Lestrade,Lestrade,Sherlock,Sherlock - Lestrade
Mary Morstan,Mary Morstan,Sherlock,Sherlock - Mary Morstan
Molly Hooper,Molly Hooper,Sherlock,Sherlock - Molly Hooper
Mycroft Holmes,Mycroft Holmes,Sherlock,Sherlock - Mycroft Holmes
Sebastian Moran,Sebastian Moran,Sherlock,Sherlock - Sebastian Moran
Sherlock Holmes,Sherlock Holmes,Sherlock,Sherlock - Sherlock Holmes
Jesper Fahey,Jesper Fahey,Six of Crows,Six of Crows - Jesper Fahey
Wylan Van Eck,Wylan Van Eck,Six of Crows,Six of Crows - Wylan Van Eck
Emily Fitch,Emily Fitch,Skins,Skins - Emily Fitch
Naomi Campbell,Naomi Campbell,Skins,Skins - Naomi Campbell
Craig Tucker,Craig Tucker,South Park,South Park - Craig Tucker
Kyle Broflovski,Kyle Broflovski,South Park,South Park - Kyle Broflovski
Stan Marsh,Stan Marsh,South Park,South Park - Stan Marsh
Tweek Tweak,Tweek Tweak,South Park,South Park - Tweek Tweak
Agron,Agron,Spartacus,Spartacus - Agron
Nasir,Nasir,Spartacus,Spartacus - Nasir
Chris Pine,Chris Pine,Star Trek,Star Trek - Chris Pine
Hikaru Sulu,Hikaru Sulu,Star Trek,Star Trek - Hikaru Sulu
James T. Kirk,James T. Kirk,Star Trek,Star Trek - James T. Kirk
Kathryn Janeway,Kathryn Janeway,Star Trek,Star Trek - Kathryn Janeway
Leonard 'Bones' McCoy,Leonard 'Bones' McCoy,Star Trek,Star Trek - Leonard 'Bones' McCoy
Leonard McCoy,Leonard 'Bones' McCoy,Star Trek,Star Trek - Leonard 'Bones' McCoy
Nyota Uhura,Nyota Uhura,Star Trek,Star Trek - Nyota Uhura
Pavel Chekov,Pavel Chekov,Star Trek,Star Trek - Pavel Chekov
Seven of Nine,Seven of Nine,Star Trek,Star Trek - Seven of Nine
Spock,Spock,Star Trek,Star Trek - Spock
Zachary Quinto,Zachary Quinto,Star Trek,Star Trek - Zachary Quinto
Anakin Skywalker | Darth Vader,Anakin Skywalker | Darth Vader,Star Wars,Star Wars - Anakin Skywalker | Darth Vader
Armitage Hux,Armitage Hux,Star Wars,Star Wars - Armitage Hux
Baze Malbus Rogue One: A,Baze Malbus,Star Wars,Star Wars - Baze Malbus
Ben Solo | Kylo Ren,Ben Solo | Kylo Ren,Star Wars,Star Wars - Ben Solo | Kylo Ren
Kylo Ren,Ben Solo | Kylo Ren,Star Wars,Star Wars - Ben Solo | Kylo Ren
Cassian Andor,Cassian Andor,Star Wars,Star Wars - Cassian Andor
Chirrut Îmwe,Chirrut Îmwe,Star Wars,Star Wars - Chirrut Îmwe
Finn,Finn,Star Wars,Star Wars - Finn
Han Solo,Han Solo,Star Wars,Star Wars - Han Solo
Jessika Pava,Jessika Pava,Star Wars,Star Wars - Jessika Pava
Jyn Erso Rogue One: A,Jyn Erso,Star Wars,Star Wars - Jyn Erso
Leia Organa,Leia Organa,Star Wars,Star Wars - Leia Organa
Obi-Wan Kenobi,Obi-Wan Kenobi,Star Wars,Star Wars - Obi-Wan Kenobi
Padmé Amidala,Padmé Amidala,Star Wars,Star Wars - Padmé Amidala
Poe Dameron,Poe Dameron,Star Wars,Star Wars - Poe Dameron
Qui-Gon Jinn,Qui-Gon Jinn,Star Wars,Star Wars - Qui-Gon Jinn
Rey,Rey,Star Wars,Star Wars - Rey
Daniel Jackson,Daniel Jackson,Stargate,Stargate - Daniel Jackson
Elizabeth Weir,Elizabeth Weir,Stargate,Stargate - Elizabeth Weir
Jack O'Neill,Jack O'Neill,Stargate,Stargate - Jack O'Neill
Janet Fraiser,Janet Fraiser,Stargate,Stargate - Janet Fraiser
John Sheppard,John Sheppard,Stargate,Stargate - John Sheppard
Rodney McKay,Rodney McKay,Stargate,Stargate - Rodney McKay
Sam Carter,Sam Carter,Stargate,Stargate - Sam Carter
David Starsky,David Starsky,Starsky & Hutch,Starsky & Hutch - David Starsky
Ken Hutchinson,Kenneth 'Ken' Hutchinson,Starsky & Hutch,Starsky & Hutch - Kenneth 'Ken' Hutchinson
Carina DeLuca,Carina DeLuca,Station 19,Station 19 - Carina DeLuca
Maya Bishop,Maya Bishop,Station 19,Station 19 - Maya Bishop
Amethyst,Amethyst,Steven Universe,Steven Universe - Amethyst
Garnet,Garnet,Steven Universe,Steven Universe - Garnet
Jasper,Jasper,Steven Universe,Steven Universe - Jasper
Lapis Lazuli,Lapis Lazuli,Steven Universe,Steven Universe - Lapis Lazuli
Pearl,Pearl,Steven Universe,Steven Universe - Pearl
Pearl (Steven Universe),Pearl,Steven Universe,Steven Universe - Pearl
Peridot,Peridot,Steven Universe,Steven Universe - Peridot
Peridot (Steven Universe),Peridot,Steven Universe,Steven Universe - Peridot
Rose Quartz,Rose Quartz | Pink Diamond,Steven Universe,Steven Universe - Rose Quartz | Pink Diamond
Rose Quartz (Steven Universe),Rose Quartz | Pink Diamond,Steven Universe,Steven Universe - Rose Quartz | Pink Diamond
Rose Quartz | Pink Diamond,Rose Quartz | Pink Diamond,Steven Universe,Steven Universe - Rose Quartz | Pink Diamond
Ruby,Ruby,Steven Universe,Steven Universe - Ruby
Sapphire,Sapphire,Steven Universe,Steven Universe - Sapphire
Sapphire (Steven Universe),Sapphire,Steven Universe,Steven Universe - Sapphire
Billy Hargrove,Billy Hargrove,Stranger Things,Stranger Things - Billy Hargrove
Chrissy Cunningham,Chrissy Cunningham,Stranger Things,Stranger Things - Chrissy Cunningham
Eddie Munson,Eddie Munson,Stranger Things,Stranger Things - Eddie Munson
Eleven | Jane Hopper,Jane Hopper | Eleven,Stranger Things,Stranger Things - Jane Hopper | Eleven
Jim 'Chief' Hopper,Jim 'Chief' Hopper,Stranger Things,Stranger Things - Jim 'Chief' Hopper
Joyce Byers,Joyce Byers,Stranger Things,Stranger Things - Joyce Byers
Lucas Sinclair,Lucas Sinclair,Stranger Things,Stranger Things - Lucas Sinclair
Maxine 'Max' Mayfield,Maxine 'Max' Mayfield,Stranger Things,Stranger Things - Maxine 'Max' Mayfield
Mike Wheeler,Mike Wheeler,Stranger Things,Stranger Things - Mike Wheeler
Nancy Wheeler,Nancy Wheeler,Stranger Things,Stranger Things - Nancy Wheeler
Robin Buckley,Robin Buckley,Stranger Things,Stranger Things - Robin Buckley
Steve Harrington,Steve Harrington,Stranger Things,Stranger Things - Steve Harrington
Will Byers,Will Byers,Stranger Things,Stranger Things - Will Byers
Reader,Y/N | Reader,Stranger Things,Stranger Things - Y/N | Reader
Lee Felix,Felix Lee | Felix,Stray Kids,Stray Kids - Felix Lee | Felix
Han Jisung | Han,Han Jisung | Han,Stray Kids,Stray Kids - Han Jisung | Han
Hwang Hyunjin,Hwang Hyunjin | Hyunjin,Stray Kids,Stray Kids - Hwang Hyunjin | Hyunjin
Lee Minho | Lee Know,Lee Minho | Lee Know,Stray Kids,Stray Kids - Lee Minho | Lee Know
Harvey Specter,Harvey Specter,Suits,Suits - Harvey Specter
Mike Ross,Mike Ross,Suits,Suits - Mike Ross
Ayanga,Ayanga,Super-Vocal | 声入人心,Super-Vocal | 声入人心 - Ayanga
Zhèng Yúnlóng,Zhèng Yúnlóng,Super-Vocal | 声入人心,Super-Vocal | 声入人心 - Zhèng Yúnlóng
Anna Milton,Anna Milton,Supernatural,Supernatural - Anna Milton
Castiel,Castiel,Supernatural,Supernatural - Castiel
Charlie Bradbury,Charlie Bradbury,Supernatural,Supernatural - Charlie Bradbury
Dean Winchester,Dean Winchester,Supernatural,Supernatural - Dean Winchester
Dorothy Baum,Dorothy Baum,Supernatural,Supernatural - Dorothy Baum
Gabriel,Gabriel,Supernatural,Supernatural - Gabriel
Gilda,Gilda,Supernatural,Supernatural - Gilda
Jared Padalecki,Jared Padalecki,Supernatural,Supernatural - Jared Padalecki
Jensen Ackles,Jensen Ackles,Supernatural,Supernatural - Jensen Ackles
Jessica Moore,Jessica Moore,Supernatural,Supernatural - Jessica Moore
Jo Harvelle,Jo Harvelle,Supernatural,Supernatural - Jo Harvelle
Lucifer,Lucifer,Supernatural,Supernatural - Lucifer
Ruby,Ruby,Supernatural,Supernatural - Ruby
Sam Winchester,Sam Winchester,Supernatural,Supernatural - Sam Winchester
Reader,Y/N | Reader,Supernatural,Supernatural - Y/N | Reader
You,Y/N | Reader,Supernatural,Supernatural - Y/N | Reader
Choi Soobin,Choi Soobin | Soobin,TOMORROW X TOGETHER / TXT,TOMORROW X TOGETHER / TXT - Choi Soobin | Soobin
Choi Yeonjun,Choi Yeonjun | Yeonjun,TOMORROW X TOGETHER / TXT,TOMORROW X TOGETHER / TXT - Choi Yeonjun | Yeonjun
Allison Argent,Allison Argent,Teen Wolf,Teen Wolf - Allison Argent
Cora Hale,Cora Hale,Teen Wolf,Teen Wolf - Cora Hale
Derek Hale,Derek Hale,Teen Wolf,Teen Wolf - Derek Hale
Erica Reyes,Erica Reyes,Teen Wolf,Teen Wolf - Erica Reyes
Isaac Lahey,Isaac Lahey,Teen Wolf,Teen Wolf - Isaac Lahey
Jackson Whittemore,Jackson Whittemore,Teen Wolf,Teen Wolf - Jackson Whittemore
Kira Yukimura,Kira Yukimura,Teen Wolf,Teen Wolf - Kira Yukimura
Liam Dunbar,Liam Dunbar,Teen Wolf,Teen Wolf - Liam Dunbar
Lydia Martin,Lydia Martin,Teen Wolf,Teen Wolf - Lydia Martin
Malia Tate,Malia Tate,Teen Wolf,Teen Wolf - Malia Tate
Peter Hale,Peter Hale,Teen Wolf,Teen Wolf - Peter Hale
Scott McCall,Scott McCall,Teen Wolf,Teen Wolf - Scott McCall
Stiles Stilinski,Stiles Stilinski,Teen Wolf,Teen Wolf - Stiles Stilinski
Theo Raeken,Theo Raeken,Teen Wolf,Teen Wolf - Theo Raeken
Vernon Boyd,Vernon Boyd,Teen Wolf,Teen Wolf - Vernon Boyd
Donatello,Donatello,Teenage Mutant Ninja Turtles,Teenage Mutant Ninja Turtles - Donatello
Leonardo,Leonardo,Teenage Mutant Ninja Turtles,Teenage Mutant Ninja Turtles - Leonardo
Leonardo (TMNT),Leonardo,Teenage Mutant Ninja Turtles,Teenage Mutant Ninja Turtles - Leonardo
Michelangelo,Michelangelo,Teenage Mutant Ninja Turtles,Teenage Mutant Ninja Turtles - Michelangelo
Raphael (TMNT),Raphael,Teenage Mutant Ninja Turtles,Teenage Mutant Ninja Turtles - Raphael
Alicia Clark,Alicia Clark,The Walking Dead,The 100 - Alicia Clark
Anya,Anya,The 100,The 100 - Anya
Bellamy Blake,Bellamy Blake,The 100,The 100 - Bellamy Blake
Clarke Griffin,Clarke Griffin,The 100,The 100 - Clarke Griffin
Costia,Costia,The 100,The 100 - Costia
Elyza Lex,Elyza Lex,The 100 / The Walking Dead - crossover fanon,The 100 - Elyza Lex
Lexa,Lexa,The 100,The 100 - Lexa
Lexa (The 100),Lexa,The 100,The 100 - Lexa
Lincoln,Lincoln,The 100,The 100 - Lincoln
Octavia Blake,Octavia Blake,The 100,The 100 - Octavia Blake
Raven Reyes,Raven Reyes,The 100,The 100 - Raven Reyes
Raven Reyes (The 100),Raven Reyes,The 100,The 100 - Raven Reyes
Penny,Penny,The Big Bang Theory,The Big Bang Theory - Penny
Sheldon Cooper,Sheldon Cooper,The Big Bang Theory,The Big Bang Theory - Sheldon Cooper
Brenda Leigh Johnson,Brenda Leigh Johnson,The Closer,The Closer - Brenda Leigh Johnson
Sharon Raydor,Sharon Raydor,The Closer,The Closer - Sharon Raydor
Andrea Sachs,Andrea Sachs,The Devil Wears Prada,The Devil Wears Prada - Andrea Sachs
Miranda Priestly,Miranda Priestly,The Devil Wears Prada,The Devil Wears Prada - Miranda Priestly
Alicia Florrick,Alicia Florrick,The Good Wife,The Good Wife - Alicia Florrick
Kalinda Sharma,Kalinda Sharma,The Good Wife,The Good Wife - Kalinda Sharma
Dani Clayton,Dani Clayton,The Haunting of Bly Manor,The Haunting of Bly Manor - Dani Clayton
Jamie Taylor,Jamie Taylor,The Haunting of Bly Manor,The Haunting of Bly Manor - Jamie Taylor
Dina,Dina,The Last of Us,The Last of Us - Dina
Ellie,Ellie,The Last of Us,The Last of Us - Ellie
Ellie (The Last of Us),Ellie,The Last of Us,The Last of Us - Ellie
Joel (The Last of Us),Joel,The Last of Us,The Last of Us - Joel
Gideon Nav,Gideon Nav,The Locked Tomb / Gideon the Ninth,The Locked Tomb / Gideon the Ninth - Gideon Nav
Harrowhark Nonagesimus,Harrowhark Nonagesimus,The Locked Tomb / Gideon the Ninth,The Locked Tomb / Gideon the Ninth - Harrowhark Nonagesimus
Jonathan 'Jon' Sims | The Archivist,Jonathan 'Jon' Sims | The Archivist,The Magnus Archives,The Magnus Archives - Jonathan 'Jon' Sims | The Archivist
Martin Blackwood,Martin Blackwood,The Magnus Archives,The Magnus Archives - Martin Blackwood
Illya Kuryakin,Illya Kuryakin,The Man From U.N.C.L.E.,The Man From U.N.C.L.E. - Illya Kuryakin
Napoleon Solo,Napoleon Solo,The Man From U.N.C.L.E.,The Man From U.N.C.L.E. - Napoleon Solo
Andy | Andromache of Scythia,Andromache 'Andy' of Scythia,The Old Guard,The Old Guard - Andromache 'Andy' of Scythia
Nicky | Nicolò di Genova,Nicolò 'Nicky' di Genova,The Old Guard,The Old Guard - Nicolò 'Nicky' di Genova
Quynh | Noriko,Quỳnh/Noriko,The Old Guard,The Old Guard - Quỳnh/Noriko
Joe | Yusuf Al-Kaysani,Yusuf 'Joe' Al-Kaysani,The Old Guard,The Old Guard - Yusuf 'Joe' Al-Kaysani
Amity Blight,Amity Blight,The Owl House,The Owl House - Amity Blight
Eda Clawthorne,Eda Clawthorne,The Owl House,The Owl House - Eda Clawthorne
Hunter | The Golden Guard,Hunter | The Golden Guard,The Owl House,The Owl House - Hunter | The Golden Guard
Luz Noceda,Luz Noceda,The Owl House,The Owl House - Luz Noceda
Raine Whispers,Raine Whispers,The Owl House,The Owl House - Raine Whispers
Willow Park,Willow Park,The Owl House,The Owl House - Willow Park
Ray Doyle,Ray Doyle,The Professionals,The Professionals - Ray Doyle
William Bodie,William Bodie,The Professionals,The Professionals - William Bodie
Lucy Chen,Lucy Chen,The Rookie,The Rookie - Lucy Chen
Tim Bradford,Tim Bradford,The Rookie,The Rookie - Tim Bradford
Dream of the Endless,Dream of the Endless,The Sandman,The Sandman - Dream of the Endless
Hob Gadling,Hob Gadling,The Sandman,The Sandman - Hob Gadling
Blair Sandburg,Blair Sandburg,The Sentinel,The Sentinel - Blair Sandburg
Jim Ellison,Jim Ellison,The Sentinel,The Sentinel - Jim Ellison
Daryl Dixon,Daryl Dixon,The Walking Dead,The Walking Dead - Daryl Dixon
Rick Grimes,Rick Grimes,The Walking Dead,The Walking Dead - Rick Grimes
Shelby Goodkind,Shelby Goodkind,The Wilds,The Wilds - Shelby Goodkind
Toni Shalifoe,Toni Shalifoe,The Wilds,The Wilds - Toni Shalifoe
Geralt z Rivii | Geralt of Rivia,Geralt of Rivia | The Witcher,The Witcher | Wiedźmin,The Witcher | Wiedźmin - Geralt of Rivia | The Witcher
Jaskier | Dandelion,Jaskier | Dandelion,The Witcher | Wiedźmin,The Witcher | Wiedźmin - Jaskier | Dandelion
Dana Scully,Dana Scully,The X-Files,The X-Files - Dana Scully
Fox Mulder,Fox Mulder,The X-Files,The X-Files - Fox Mulder
Nagachika Hideyoshi,Nagachika Hideyoshi,Tokyo Ghoul | 東京喰種,Tokyo Ghoul | 東京喰種 - Nagachika Hideyoshi
Sasaki Haise,Sasaki Haise,Tokyo Ghoul | 東京喰種,Tokyo Ghoul | 東京喰種 - Sasaki Haise
Takemitchy | Hanagaki Takemichi,Hanagaki 'Takemitchy' Takemichi,Tokyo Revengers | 東京卍リベンジャーズ,Tokyo Revengers | 東京卍リベンジャーズ - Hanagaki 'Takemitchy' Takemichi
Mikey | Sano Manjirou,Sano 'Mikey' Manjirou,Tokyo Revengers | 東京卍リベンジャーズ,Tokyo Revengers | 東京卍リベンジャーズ - Sano 'Mikey' Manjirou
Bradley 'Rooster' Bradshaw,Bradley 'Rooster' Bradshaw,Top Gun,Top Gun - Bradley 'Rooster' Bradshaw
Jake 'Hangman' Seresin,Jake 'Hangman' Seresin,Top Gun,Top Gun - Jake 'Hangman' Seresin
Pete 'Maverick' Mitchell,Pete 'Maverick' Mitchell,Top Gun,Top Gun - Pete 'Maverick' Mitchell
Tom 'Iceman' Kazansky,Tom 'Iceman' Kazansky,Top Gun,Top Gun - Tom 'Iceman' Kazansky
Ianto Jones,Ianto Jones,Torchwood,Torchwood - Ianto Jones
Jack Harkness,Jack Harkness,Torchwood,Torchwood - Jack Harkness
Nicholas D. Wolfwood,Nicholas D. Wolfwood,Trigun Universe | トライガン,Trigun Universe | トライガン - Nicholas D. Wolfwood
Vash the Stampede,Vash the Stampede,Trigun Universe | トライガン,Trigun Universe | トライガン - Vash the Stampede
Josh Dun,Josh Dun,Twenty One Pilots,Twenty One Pilots - Josh Dun
Tyler Joseph,Tyler Joseph,Twenty One Pilots,Twenty One Pilots - Tyler Joseph
Bella Swan,Bella Swan,Twilight,Twilight - Bella Swan
Edward Cullen,Edward Cullen,Twilight,Twilight - Edward Cullen
Alphys,Alphys,Undertale,Undertale - Alphys
Sans (Undertale),Sans,Undertale,Undertale - Sans
Undyne,Undyne,Undertale,Undertale - Undyne
Undyne (Undertale),Undyne,Undertale,Undertale - Undyne
You,Y/N | Reader,Undertale,Undertale - Y/N | Reader
Hope Mikaelson,Hope Mikaelson,Vampire Diaries Universe,Vampire Diaries Universe - Hope Mikaelson
Josie Saltzman,Josie Saltzman,Vampire Diaries Universe,Vampire Diaries Universe - Josie Saltzman
Penelope Park,Penelope Park,Vampire Diaries Universe,Vampire Diaries Universe - Penelope Park
Jade West,Jade West,Victorious,Victorious - Jade West
Tori Vega,Tori Vega,Victorious,Victorious - Tori Vega
Adam,Adam,Voltron,Voltron - Adam
Allura,Allura,Voltron,Voltron - Allura
Keith,Keith,Voltron,Voltron - Keith
Lance,Lance,Voltron,Voltron - Lance
Lance (Voltron),Lance,Voltron,Voltron - Lance
Shiro (Voltron),Shiro,Voltron,Voltron - Shiro
Helena 'H. G.' Wells,Helena 'H. G.' Wells,Warehouse 13,Warehouse 13 - Helena 'H. G.' Wells
Myka Bering,Myka Bering,Warehouse 13,Warehouse 13 - Myka Bering
Ava Silva,Ava Silva,Warrior Nun,Warrior Nun - Ava Silva
Sister Beatrice,Sister Beatrice,Warrior Nun,Warrior Nun - Sister Beatrice
Carlos,Carlos,Welcome to Night Vale,Welcome to Night Vale - Carlos
Cecil Palmer,Cecil Palmer,Welcome to Night Vale,Welcome to Night Vale - Cecil Palmer
Erica Davidson,Erica Davidson,Wentworth,Wentworth - Erica Davidson
Franky Doyle,Franky Doyle,Wentworth,Wentworth - Franky Doyle
Elizabeth Burke,`Elizabeth Burke, née Mitchell`,White Collar,`White Collar - Elizabeth Burke, née Mitchell`
Neal Caffrey,Neal Caffrey,White Collar,White Collar - Neal Caffrey
Peter Burke,Peter Burke,White Collar,White Collar - Peter Burke
Alex Morgan,Alex Morgan,Women's Soccer,Women's Soccer - Alex Morgan
Ali Krieger,Ali Krieger,Women's Soccer,Women's Soccer - Ali Krieger
Ashlyn Harris,Ashlyn Harris,Women's Soccer,Women's Soccer - Ashlyn Harris
Christen Press,Christen Press,Women's Soccer,Women's Soccer - Christen Press
Hope Solo,Hope Solo,Women's Soccer,Women's Soccer - Hope Solo
Kelley O'Hara,Kelley O'Hara,Women's Soccer,Women's Soccer - Kelley O'Hara
Tobin Heath,Tobin Heath,Women's Soccer,Women's Soccer - Tobin Heath
Wen Kexing,Wen Kexing,Word of Honor | 山河令,Word of Honor | 山河令 - Wen Kexing
Zhou Zishu,Zhou Zishu,Word of Honor | 山河令,Word of Honor | 山河令 - Zhou Zishu
Nicole Haught,Nicole Haught,Wynonna Earp,Wynonna Earp - Nicole Haught
Waverly Earp,Waverly Earp,Wynonna Earp,Wynonna Earp - Waverly Earp
Gabrielle,Gabrielle,Xena,Xena - Gabrielle
Xena,Xena,Xena,Xena - Xena
Simon Eriksson,Simon Eriksson,Young Royals,Young Royals - Simon Eriksson
Wilhelm,Wilhelm,Young Royals,Young Royals - Wilhelm
Technoblade,Alexander | Technoblade,Youtube,Youtube - Alexander | Technoblade
Technoblade (Video Blogging RPF),Alexander | Technoblade,Youtube,Youtube - Alexander | Technoblade
Alexis | Quackity,Alexis 'Alex' Maldonado | Quackity,Youtube,Youtube - Alexis 'Alex' Maldonado | Quackity
Charles | Grian,Charles | Grian,Youtube,Youtube - Charles | Grian
Clay | Dream,Clay | Dream,Youtube,Youtube - Clay | Dream
Dan Howell,Dan Howell | danisnotonfire,Youtube,Youtube - Dan Howell | danisnotonfire
Darryl Noveschosch,Darryl Noveschosch | BadBoyHalo,Youtube,Youtube - Darryl Noveschosch | BadBoyHalo
Gavin Free,Gavin Free,Youtube,Youtube - Gavin Free
GeorgeNotFound,George Davidson | GeorgeNotFound,Youtube,Youtube - George Davidson | GeorgeNotFound
GeorgeNotFound (Video Blogging RPF),George Davidson | GeorgeNotFound,Youtube,Youtube - George Davidson | GeorgeNotFound
Karl Jacobs,Karl Jacobs,Youtube,Youtube - Karl Jacobs
Kristin Rosales Watson,`Kristin Watson, née Rosales`,Youtube,`Youtube - Kristin Watson, née Rosales`
Mark Fischbach,Mark Fischbach | Markiplier,Youtube,Youtube - Mark Fischbach | Markiplier
Michael Jones,Michael Jones,Youtube,Youtube - Michael Jones
Sapnap,Nicholas Armstrong | Sapnap,Youtube,Youtube - Nicholas Armstrong | Sapnap
Sapnap (Video Blogging RPF),Nicholas Armstrong | Sapnap,Youtube,Youtube - Nicholas Armstrong | Sapnap
Phil Lester,Phil Lester | AmazingPhil,Youtube,Youtube - Phil Lester | AmazingPhil
Phil Watson,Phil Watson | Philza,Youtube,Youtube - Phil Watson | Philza
Phil Watson (Video Blogging RPF),Phil Watson | Philza,Youtube,Youtube - Phil Watson | Philza
Phil Watson | Philza,Phil Watson | Philza,Youtube,Youtube - Phil Watson | Philza
Ranboo,Ranboo,Youtube,Youtube - Ranboo
Ryan | GoodTimesWithScar,Ryan | GoodTimesWithScar,Youtube,Youtube - Ryan | GoodTimesWithScar
Sean McLoughlin,Sean McLoughlin | Jacksepticeye,Youtube,Youtube - Sean McLoughlin | Jacksepticeye
TommyInnit,Thomas Michael Simons | TommyInnit,Youtube,Youtube - Thomas Michael Simons | TommyInnit
TommyInnit (Video Blogging RPF),Thomas Michael Simons | TommyInnit,Youtube,Youtube - Thomas Michael Simons | TommyInnit
Toby Smith | Tubbo,Toby Smith | Tubbo,Youtube,Youtube - Toby Smith | Tubbo
Wilbur Soot,William Patrick Spencer Gold | Wilbur Soot,Youtube,Youtube - William Patrick Spencer Gold | Wilbur Soot
Zak Ahmed,Zak Ahmed | Skeppy,Youtube,Youtube - Zak Ahmed | Skeppy
Katsuki Yuuri,Katsuki Yuuri,Yuri!!! on ICE | ユーリ!!! on ICE,Yuri!!! on ICE | ユーリ!!! on ICE - Katsuki Yuuri
Mila Babicheva,Mila Babicheva,Yuri!!! on ICE | ユーリ!!! on ICE,Yuri!!! on ICE | ユーリ!!! on ICE - Mila Babicheva
Otabek Altin,Otabek Altin,Yuri!!! on ICE | ユーリ!!! on ICE,Yuri!!! on ICE | ユーリ!!! on ICE - Otabek Altin
Sara Crispino,Sara Crispino,Yuri!!! on ICE | ユーリ!!! on ICE,Yuri!!! on ICE | ユーリ!!! on ICE - Sara Crispino
Victor Nikiforov,Victor Nikiforov,Yuri!!! on ICE | ユーリ!!! on ICE,Yuri!!! on ICE | ユーリ!!! on ICE - Victor Nikiforov
Yuri Plisetsky,Yuri Plisetsky,Yuri!!! on ICE | ユーリ!!! on ICE,Yuri!!! on ICE | ユーリ!!! on ICE - Yuri Plisetsky
